director_name,director_facebook_likes
James Cameron,0.0
Gore Verbinski,563.0
Sam Mendes,0.0
Christopher Nolan,22000.0
Doug Walker,131.0
Andrew Stanton,475.0
Sam Raimi,0.0
Nathan Greno,15.0
Joss Whedon,0.0
David Yates,282.0
Zack Snyder,0.0
Bryan Singer,0.0
Marc Forster,395.0
Gore Verbinski,563.0
Gore Verbinski,563.0
Zack Snyder,0.0
Andrew Adamson,80.0
Joss Whedon,0.0
Rob Marshall,252.0
Barry Sonnenfeld,188.0
Peter Jackson,0.0
Marc Webb,464.0
Ridley Scott,0.0
Peter Jackson,0.0
Chris Weitz,129.0
Peter Jackson,0.0
James Cameron,0.0
Anthony Russo,94.0
Peter Berg,532.0
Colin Trevorrow,365.0
Sam Mendes,0.0
Sam Raimi,0.0
Shane Black,1000.0
Tim Burton,13000.0
Brett Ratner,420.0
Dan Scanlon,37.0
Michael Bay,0.0
Michael Bay,0.0
Sam Raimi,0.0
Marc Webb,464.0
Joseph Kosinski,364.0
John Lasseter,487.0
Martin Campbell,258.0
Lee Unkrich,125.0
McG,368.0
James Wan,0.0
Marc Forster,395.0
Bryan Singer,0.0
J.J. Abrams,14000.0
Bryan Singer,0.0
Baz Luhrmann,1000.0
Mike Newell,179.0
Guillermo del Toro,0.0
Michael Bay,0.0
Steven Spielberg,14000.0
Peter Sohn,113.0
Mark Andrews,56.0
Justin Lin,681.0
Andrew Stanton,475.0
Brett Ratner,420.0
Roland Emmerich,776.0
Robert Zemeckis,0.0
Lana Wachowski,0.0
David Yates,282.0
Andrew Adamson,80.0
Bryan Singer,0.0
Christopher Nolan,22000.0
Pete Docter,0.0
Rob Letterman,11.0
Jon Favreau,4000.0
Martin Scorsese,17000.0
Barry Sonnenfeld,188.0
Rob Cohen,357.0
David Ayer,452.0
Tom Shadyac,293.0
Doug Liman,218.0
Kevin Reynolds,58.0
Stephen Sommers,208.0
Pete Docter,0.0
Jon Favreau,4000.0
Jon Favreau,4000.0
Rupert Sanders,274.0
Robert Stromberg,171.0
Matt Reeves,198.0
Roland Joffé,596.0
Carl Rinsch,47.0
Anthony Russo,94.0
Mike Mitchell,31.0
Brad Bird,663.0
Don Hall,38.0
Rich Moore,66.0
Robert Zemeckis,0.0
Roland Emmerich,776.0
Dean DeBlois,255.0
Jonathan Mostow,84.0
James Gunn,571.0
Christopher Nolan,22000.0
Christopher Nolan,22000.0
Hideaki Anno,28.0
Peter Jackson,0.0
Rob Cohen,357.0
David Fincher,21000.0
Matthew Vaughn,905.0
Francis Lawrence,508.0
Jon Turteltaub,226.0
Wolfgang Petersen,249.0
James Bobin,33.0
Chris Miller,50.0
Duncan Jones,0.0
Alan Taylor,230.0
Michael Apted,150.0
Michael Bay,0.0
Michael Bay,0.0
Oliver Stone,0.0
David Yates,282.0
Mike Newell,179.0
Peter Berg,532.0
Francis Lawrence,508.0
Tim Burton,13000.0
Brad Bird,663.0
Christopher Nolan,22000.0
Eric Darnell,35.0
Shawn Levy,189.0
Gavin Hood,151.0
Lana Wachowski,0.0
Chris Buck,69.0
Lana Wachowski,0.0
Alan Taylor,230.0
George Miller,750.0
Ron Howard,2000.0
Kenneth Branagh,0.0
Byron Howard,59.0
Hoyt Yeatman,12.0
Jonathan Liebesman,473.0
Tim Burton,13000.0
Christopher McQuarrie,188.0
Joe Johnston,394.0
David Yates,282.0
Steve Hickner,58.0
Jennifer Yuh Nelson,90.0
M. Night Shyamalan,0.0
J.J. Abrams,14000.0
Roland Emmerich,776.0
Simon Wells,25.0
David Bowers,42.0
Joe Wright,456.0
Rob Minkoff,50.0
Wolfgang Petersen,249.0
Eric Darnell,35.0
Lee Tamahori,93.0
Paul Feig,176.0
Michael Bay,0.0
Barry Sonnenfeld,188.0
Robert Zemeckis,0.0
Alessandro Carloni,5.0
Brad Bird,663.0
Peter Ramsey,52.0
Dean Parisot,23.0
Edward Zwick,380.0
Ridley Scott,0.0
J.J. Abrams,14000.0
Sam Raimi,0.0
Dean DeBlois,255.0
Alex Proyas,295.0
Rob Cohen,357.0
Zack Snyder,0.0
Richard Donner,503.0
Ang Lee,0.0
Jon M. Chu,209.0
Breck Eisner,42.0
Hironobu Sakaguchi,6.0
Joe Johnston,394.0
Michael Apted,150.0
Peter Weir,608.0
Bill Condon,386.0
George Miller,750.0
Louis Leterrier,255.0
,
Steven Spielberg,14000.0
Alejandro G. Iñárritu,0.0
David Soren,13.0
Gore Verbinski,563.0
Eric Darnell,35.0
Paul Greengrass,521.0
Mark Osborne,54.0
Peyton Reed,235.0
Francis Lawrence,508.0
Bill Condon,386.0
Tim Johnson,12.0
Steven Spielberg,14000.0
Michael Bay,0.0
Chris Miller,50.0
Phillip Noyce,176.0
Darren Aronofsky,0.0
Steven Spielberg,14000.0
Alfonso Cuarón,0.0
Baz Luhrmann,1000.0
M. Night Shyamalan,0.0
Eric Leighton,0.0
Matt Birch,0.0
Shawn Levy,189.0
Tom McGrath,96.0
Chris Columbus,0.0
Robert Schwentke,124.0
Hideaki Anno,28.0
Gore Verbinski,563.0
Matt Birch,0.0
Francis Lawrence,508.0
Ron Howard,2000.0
Carlos Saldanha,107.0
Bryan Singer,0.0
Justin Lin,681.0
Guy Ritchie,0.0
Louis Leterrier,255.0
Paul Verhoeven,719.0
John McTiernan,323.0
Tony Gilroy,209.0
Joel Schumacher,541.0
Ron Howard,2000.0
Roland Emmerich,776.0
John Woo,610.0
Wolfgang Petersen,249.0
Tim Story,167.0
Ang Lee,0.0
Mark Steven Johnson,160.0
Paul Greengrass,521.0
McG,368.0
Ridley Scott,0.0
Rob Minkoff,50.0
Neill Blomkamp,662.0
David Twohy,123.0
José Padilha,294.0
Lana Wachowski,0.0
James L. Brooks,274.0
James Mangold,446.0
Joseph Kosinski,364.0
George Lucas,0.0
George Lucas,0.0
Pete Docter,0.0
James Mangold,446.0
George Lucas,0.0
Kirk De Micco,16.0
Frédéric Forestier,0.0
John Woo,610.0
Cedric Nicolas-Troyan,19.0
Jonathan Liebesman,473.0
Alfonso Cuarón,0.0
Roger Donaldson,79.0
Dave Green,13.0
Josh Trank,128.0
Shawn Levy,189.0
Brad Peyton,62.0
Roger Spottiswoode,55.0
Roland Emmerich,776.0
Steven Soderbergh,0.0
Doug Liman,218.0
Robert Schwentke,124.0
Martin Scorsese,17000.0
Rob Letterman,11.0
Michel Gondry,1000.0
,
Noam Murro,263.0
Raja Gosnell,67.0
Will Finn,6.0
Robert Schwentke,124.0
Shawn Levy,189.0
Raja Gosnell,67.0
Jan de Bont,101.0
Gavin Hood,151.0
Len Wiseman,235.0
Peter Jackson,0.0
Frank Coraci,153.0
Michael Mann,0.0
Bo Welch,34.0
Alex Proyas,295.0
Ridley Scott,0.0
Rob Minkoff,50.0
Ron Clements,63.0
Ridley Scott,0.0
Christopher Barnard,0.0
Michael Bay,0.0
Peter Chelsom,23.0
Dominic Sena,57.0
Ridley Scott,0.0
Steven Spielberg,14000.0
Chris Columbus,0.0
Martin Campbell,258.0
Tim Burton,13000.0
James Cameron,0.0
Michael Mann,0.0
Ridley Scott,0.0
James Cameron,0.0
Tony Scott,12000.0
Paul Weitz,80.0
Adam McKay,285.0
Chuck Russell,55.0
Quentin Tarantino,16000.0
Gary Trousdale,21.0
Mark Dindal,10.0
Simon West,165.0
Jon Turteltaub,226.0
Stefen Fangmeier,14.0
Spike Jonze,0.0
Joe Wright,456.0
Chris Wedge,77.0
Florian Henckel von Donnersmarck,207.0
Peter Hyams,0.0
Edward Zwick,380.0
Martin Scorsese,17000.0
Joel Schumacher,541.0
Paul Verhoeven,719.0
Tom Tykwer,670.0
Zack Snyder,0.0
Pitof,26.0
Brett Ratner,420.0
Ron Clements,63.0
Brad Silberling,52.0
Patrick Hughes,385.0
Ericson Core,19.0
Lawrence Guterman,6.0
Ron Howard,2000.0
Ron Underwood,31.0
Paul Greengrass,521.0
Steve Martino,20.0
David Mamet,342.0
Stephen Sommers,208.0
Martin Scorsese,17000.0
Yimou Zhang,611.0
Ash Brannon,9.0
Frank Oz,0.0
Ridley Scott,0.0
Jay Roach,116.0
Luc Besson,0.0
Michael Patrick King,127.0
Bibo Bergeron,10.0
Steve Martino,20.0
Kenneth Branagh,0.0
Peter Jackson,0.0
Andrew Stanton,475.0
Peter Jackson,0.0
Peter Jackson,0.0
Sergey Bodrov,44.0
Simon West,165.0
Wally Pfister,0.0
Joe Johnston,394.0
Rupert Wyatt,81.0
Mark Waters,70.0
John Moore,212.0
John Lee Hancock,102.0
Brad Bird,663.0
Renny Harlin,212.0
Chris Columbus,0.0
Barry Sonnenfeld,188.0
John Lasseter,487.0
Tony Scott,12000.0
Brett Ratner,420.0
Robert Zemeckis,0.0
Phil Lord,97.0
Carlos Saldanha,107.0
Ben Stiller,0.0
McG,368.0
Martin Scorsese,17000.0
Tony Bancroft,7.0
Ben Stiller,0.0
David Fincher,21000.0
John McTiernan,323.0
Guy Ritchie,0.0
Timur Bekmambetov,335.0
Gary Trousdale,21.0
Walt Becker,12.0
Bryan Singer,0.0
Dennis Dugan,221.0
Chris Columbus,0.0
Steven Spielberg,14000.0
Rob Minkoff,50.0
Robert Zemeckis,0.0
Paul Verhoeven,719.0
Sydney Pollack,521.0
Thor Freudenthal,87.0
Jan de Bont,101.0
Jon M. Chu,209.0
Phillip Noyce,176.0
Tony Scott,12000.0
Brian De Palma,0.0
Carlos Saldanha,107.0
Chris Columbus,0.0
Mick Jackson,81.0
Alan J. Pakula,79.0
Kathryn Bigelow,0.0
Josh Trank,128.0
John Milius,468.0
Ron Howard,2000.0
Andrey Konchalovskiy,96.0
Gary Ross,378.0
Jan de Bont,101.0
Rob Cohen,357.0
Robert Zemeckis,0.0
George Miller,750.0
Paul Greengrass,521.0
Wolfgang Petersen,249.0
Steven Soderbergh,0.0
Paul W.S. Anderson,545.0
Genndy Tartakovsky,266.0
Kevin Lima,36.0
,
Daniel Espinosa,79.0
Kevin Lima,36.0
Brett Ratner,420.0
Nancy Meyers,278.0
Tony Scott,12000.0
Nancy Meyers,278.0
Steven Soderbergh,0.0
Roger Allers,28.0
Neil Burger,168.0
Jean-Jacques Annaud,218.0
Peter Berg,532.0
John McTiernan,323.0
Rob Marshall,252.0
Justin Lin,681.0
Sarah Smith,6.0
Martin Brest,102.0
Andrew Davis,99.0
Bob Fosse,189.0
Tarsem Singh,763.0
Edgar Wright,1000.0
Jon Amiel,36.0
Peter Segal,88.0
Raja Gosnell,67.0
Pete Travis,38.0
Frank Coraci,153.0
George A. Romero,0.0
Brad Peyton,62.0
Doug Liman,218.0
Guillermo del Toro,0.0
David Fincher,21000.0
Roger Spottiswoode,55.0
Tom Shadyac,293.0
Sylvester Stallone,13000.0
Brian De Palma,0.0
Gary Ross,378.0
Todd Phillips,480.0
Tim Burton,13000.0
Tim Johnson,12.0
Dean DeBlois,255.0
Gary Winick,56.0
Mimi Leder,75.0
Dean Parisot,23.0
Peter Segal,88.0
Mike Mitchell,31.0
Dennis Dugan,221.0
Peter Segal,88.0
Nancy Meyers,278.0
Martin Scorsese,17000.0
Seth Gordon,91.0
Chris Wedge,77.0
John Woo,610.0
Adam Shankman,163.0
Sam Mendes,0.0
Dennis Dugan,221.0
,
Simon West,165.0
D.J. Caruso,154.0
Anthony Minghella,333.0
Albert Hughes,117.0
Les Mayfield,10.0
Jan de Bont,101.0
Joe Pytka,30.0
Shawn Levy,189.0
Scott Derrickson,301.0
Richard Donner,503.0
David Ayer,452.0
Ivan Reitman,425.0
Eric Brevig,40.0
Kelly Asbury,21.0
Frank Coraci,153.0
Stephen Hopkins,81.0
Jonathan Demme,438.0
Henry Jaglom,69.0
Genndy Tartakovsky,266.0
,
James Algar,11.0
Simon Wells,25.0
Ron Underwood,31.0
Dominic Sena,57.0
Martin Campbell,258.0
Vincent Ward,25.0
Steven Brill,65.0
Terry Gilliam,0.0
Tim Burton,13000.0
Lucile Hadzihalilovic,92.0
Lee Tamahori,93.0
Jonathan Mostow,84.0
Roger Donaldson,79.0
Rob Cohen,357.0
Barry Cook,43.0
Roger Christian,64.0
Joe Dante,287.0
Rob Marshall,252.0
Richard Donner,503.0
Kevin Costner,0.0
George Miller,750.0
Breck Eisner,42.0
Antony Hoffman,14.0
Luc Besson,0.0
Jacques Perrin,63.0
Peter Hyams,0.0
Paul W.S. Anderson,545.0
Andrés Couturier,0.0
Ron Howard,2000.0
Roger Allers,28.0
Brad Peyton,62.0
Cody Cameron,18.0
Brett Ratner,420.0
Joe Johnston,394.0
Dennis Dugan,221.0
John Singleton,309.0
Mark Osborne,54.0
Oliver Hirschbiegel,101.0
Des McAnuff,5.0
Yarrow Cheney,11.0
Stephen Norrington,45.0
Pierre Coffin,275.0
Roland Emmerich,776.0
Steven Spielberg,14000.0
Eric Darnell,35.0
Alfonso Cuarón,0.0
Bryan Singer,0.0
Timur Bekmambetov,335.0
Michael Bay,0.0
Carlos Saldanha,107.0
Peter Segal,88.0
Adam Shankman,163.0
Renny Harlin,212.0
David Kellogg,16.0
Louis Leterrier,255.0
Dennis Dugan,221.0
Steven Spielberg,14000.0
,
Thor Freudenthal,87.0
Martin Campbell,258.0
Mike Nichols,0.0
Bibo Bergeron,10.0
Bill Condon,386.0
,
F. Gary Gray,473.0
Steven Spielberg,14000.0
Antoine Fuqua,845.0
Robert Luketic,126.0
Guy Ritchie,0.0
James L. Brooks,274.0
Gil Kenan,27.0
Barry Levinson,272.0
Jerry Zucker,109.0
Andy Tennant,72.0
Tarsem Singh,763.0
Florent-Emilio Siri,17.0
Don Bluth,383.0
Ron Shelton,41.0
Paul W.S. Anderson,545.0
David Pastor,10.0
Henry Selick,253.0
John Moore,212.0
M. Night Shyamalan,0.0
Kyle Balda,22.0
Zack Snyder,0.0
Brian De Palma,0.0
Barry Levinson,272.0
Clay Kaytis,6.0
Andy Tennant,72.0
Judd Apatow,0.0
Peter Berg,532.0
Adam McKay,285.0
Steve Carr,41.0
Mel Gibson,0.0
Sam Mendes,0.0
David Silverman,30.0
Frank Darabont,0.0
Renny Harlin,212.0
Jean-Jacques Annaud,218.0
M. Night Shyamalan,0.0
Betty Thomas,84.0
M. Night Shyamalan,0.0
Andrew Adamson,80.0
John Lasseter,487.0
Garry Marshall,0.0
Rob Cohen,357.0
Paul Tibbitt,5.0
Ron Howard,2000.0
Quentin Tarantino,16000.0
Steven Spielberg,14000.0
Brett Ratner,420.0
Renny Harlin,212.0
Clark Johnson,69.0
,
Cameron Crowe,488.0
M. Night Shyamalan,0.0
Paul W.S. Anderson,545.0
Betty Thomas,84.0
Randall Wallace,130.0
Antoine Fuqua,845.0
Jonathan Frakes,906.0
Jonathan Liebesman,473.0
Tim Burton,13000.0
Mike Nichols,0.0
Steven Spielberg,14000.0
George Clooney,0.0
James Cameron,0.0
Oliver Stone,0.0
Gary Shore,28.0
Edward Zwick,380.0
Matthew Vaughn,905.0
Jean-Jacques Annaud,218.0
Ron Howard,2000.0
Joel Schumacher,541.0
Andrzej Bartkowiak,43.0
Betty Thomas,84.0
Måns Mårlind,24.0
Adam Shankman,163.0
Gregory Hoblit,40.0
Gary McKendry,5.0
John McTiernan,323.0
Wych Kaosayananda,8.0
Mikael Salomon,13.0
Bobby Farrelly,101.0
Will Finn,6.0
Michael Mann,0.0
Kerry Conran,14.0
Michael Caton-Jones,105.0
Mikael Håfström,101.0
Renny Harlin,212.0
Phil Alden Robinson,31.0
David Slade,171.0
Frank Oz,0.0
Pierre Coffin,275.0
Joseph Ruben,29.0
Seth MacFarlane,3000.0
Alejandro Amenábar,448.0
Kinka Usher,18.0
Bobby Farrelly,101.0
Michael Mann,0.0
Craig Gillespie,44.0
Ridley Scott,0.0
Jay Roach,116.0
Timur Bekmambetov,335.0
Jon Amiel,36.0
,
Rob Bowman,38.0
Doug Lefler,4.0
Steven Spielberg,14000.0
Scott Waugh,76.0
Nancy Meyers,278.0
Chris Wedge,77.0
Lawrence Kasdan,759.0
Steven Spielberg,14000.0
Lana Wachowski,0.0
Ron Howard,2000.0
Paul Verhoeven,719.0
Michael Lembeck,54.0
Tom Hooper,0.0
Nora Ephron,0.0
Adam McKay,285.0
Martin Campbell,258.0
Todd Phillips,480.0
Angelina Jolie Pitt,11000.0
Clint Eastwood,16000.0
Renny Harlin,212.0
John Woo,610.0
Jon Turteltaub,226.0
Oliver Stone,0.0
Mike Newell,179.0
Larry Charles,119.0
Stanley Kubrick,0.0
Will Gluck,87.0
Glenn Ficarra,43.0
McG,368.0
David S. Goyer,687.0
John Milius,468.0
Mike Nichols,0.0
Paul W.S. Anderson,545.0
Paul W.S. Anderson,545.0
Renny Harlin,212.0
Taylor Hackford,138.0
Jon Favreau,4000.0
David Fincher,21000.0
McG,368.0
,
Michael Lehmann,36.0
Nora Ephron,0.0
Stuart Beattie,72.0
Roman Polanski,2000.0
Rob Bowman,38.0
Frank Miller,436.0
Sydney Pollack,521.0
Baltasar Kormákur,175.0
Tom Tykwer,670.0
Jay Roach,116.0
David Bowers,42.0
Steven Spielberg,14000.0
Lawrence Kasdan,759.0
Phillip Noyce,176.0
Daniel Lee,10.0
Keenen Ivory Wayans,322.0
Jonathan Mostow,84.0
Rob Reiner,0.0
Marco Schnabel,12.0
Demian Lichtenstein,11.0
Quentin Tarantino,16000.0
Josh Gordon,8.0
Tim Hill,25.0
Zack Snyder,0.0
Jay Roach,116.0
David Frankel,64.0
Frank Darabont,0.0
Walt Becker,12.0
Mark Dindal,10.0
David Fincher,21000.0
Doug Liman,218.0
Martin Campbell,258.0
Simon West,165.0
Peter Weir,608.0
Brenda Chapman,59.0
Steve Carr,41.0
Baltasar Kormákur,175.0
Lawrence Guterman,6.0
F. Gary Gray,473.0
Marc Lawrence,30.0
Eric Darnell,35.0
Peter Billingsley,0.0
Tony Scott,12000.0
Adam Shankman,163.0
Wes Ball,47.0
Ryan Murphy,708.0
Brett Ratner,420.0
Robert Schwentke,124.0
Oliver Stone,0.0
Robert Redford,0.0
Michael Mann,0.0
Chuck Russell,55.0
Jay Russell,13.0
Christopher McQuarrie,188.0
Renny Harlin,212.0
Kenny Ortega,197.0
Steven Soderbergh,0.0
David McNally,18.0
Henry Selick,253.0
M. Night Shyamalan,0.0
Tony Scott,12000.0
Brian Robbins,48.0
Todd Phillips,480.0
Brian Levant,32.0
Guillermo del Toro,0.0
Steven Zaillian,234.0
Chris Butler,28.0
Michael Caton-Jones,105.0
John Woo,610.0
Jon Avnet,50.0
Sam Fell,18.0
,
Kevin Donovan,11.0
Geoff Murphy,14.0
Kenneth Branagh,0.0
David O. Russell,737.0
Babak Najafi,24.0
Jean-Pierre Jeunet,0.0
Antoine Fuqua,845.0
Graham Annable,7.0
Griffin Dunne,165.0
Phil Lord,97.0
John Pasquin,11.0
Rob Bowman,38.0
Ruben Fleischer,181.0
Harold Ramis,11000.0
Clint Eastwood,16000.0
Kevin Macdonald,162.0
Tony Gilroy,209.0
Donald Petrie,80.0
Clark Johnson,69.0
Jorge Blanco,2.0
Stuart Baird,53.0
Joel Coen,0.0
Robert Lorenz,39.0
Martin Campbell,258.0
Peter Hyams,0.0
Harold Ramis,11000.0
Jon Avnet,50.0
Harold Becker,17.0
Joe Wright,456.0
Robert Redford,0.0
Cameron Crowe,488.0
Tim Hill,25.0
Lee Tamahori,93.0
Scott Stewart,124.0
Patrick Gilmore,0.0
Paul W.S. Anderson,545.0
Joss Whedon,0.0
Tom Shadyac,293.0
Brian De Palma,0.0
Tony Bill,23.0
Rod Lurie,37.0
Walter Hill,394.0
Akiva Goldsman,167.0
Harald Zwart,91.0
Brian Robbins,48.0
Walter Salles,179.0
Ron Howard,2000.0
Iain Softley,34.0
Frank Miller,436.0
David Koepp,192.0
Uwe Boll,892.0
Martin Campbell,258.0
Pou-Soi Cheang,3.0
John Dahl,131.0
Tim Miller,84.0
Stephen Herek,65.0
Clint Eastwood,16000.0
Rob Letterman,11.0
,
Mark Waters,70.0
Brian Levant,32.0
Peter MacDonald,10.0
George Clooney,0.0
Frank Coraci,153.0
Marc Lawrence,30.0
Shawn Levy,189.0
Paul W.S. Anderson,545.0
Anthony Hemingway,143.0
,
Taylor Hackford,138.0
Sean Anders,51.0
Rob Cohen,357.0
Brett Ratner,420.0
Mark Neveldine,83.0
John Madden,108.0
,
Adam Shankman,163.0
Kevin Bray,10.0
Robert Zemeckis,0.0
Tim Hill,25.0
Jay Roach,116.0
Mike Gabriel,12.0
Richard Donner,503.0
Tom Shadyac,293.0
Andy Tennant,72.0
Sam Weisman,39.0
Jesse Dylan,58.0
Paul Greengrass,521.0
Shawn Levy,189.0
Brad Silberling,52.0
Antoine Fuqua,845.0
Wayne Wang,61.0
Tony Scott,12000.0
Gabriele Muccino,125.0
Robert Schwentke,124.0
Barry Levinson,272.0
Brad Silberling,52.0
Quentin Tarantino,16000.0
Frank Oz,0.0
,
Quentin Tarantino,16000.0
Andrey Konchalovskiy,96.0
Robert Zemeckis,0.0
Tom Dey,9.0
Stuart Baird,53.0
Mark Waters,70.0
Rob Minkoff,50.0
Jimmy Hayward,39.0
David Fincher,21000.0
Alan Parker,317.0
John Frankenheimer,287.0
Stephen Hopkins,81.0
Paul King,17.0
Akiva Schaffer,82.0
William Friedkin,607.0
Jon Turteltaub,226.0
Bobby Farrelly,101.0
Kent Alterman,3.0
Peter Lord,91.0
Clint Eastwood,16000.0
Andrew Davis,99.0
Tony Scott,12000.0
Joel Schumacher,541.0
Shekhar Kapur,159.0
Karyn Kusama,45.0
Ron Maxwell,33.0
Robert Butler,0.0
Karey Kirkpatrick,11.0
James Bobin,33.0
Jonathan Frakes,906.0
Steve Antin,59.0
Jean-Pierre Jeunet,0.0
Stanley Kubrick,0.0
Jim Gillespie,13.0
Guillermo del Toro,0.0
Gabriele Muccino,125.0
Walter Hill,394.0
Francis Ford Coppola,0.0
Cameron Crowe,488.0
Anthony Russo,94.0
Richard Lester,44.0
Martin Brest,102.0
Steven Zaillian,234.0
John Singleton,309.0
Don Bluth,383.0
Baz Luhrmann,1000.0
Harold Becker,17.0
Scott Cooper,108.0
Clint Eastwood,16000.0
F. Gary Gray,473.0
Robert Rodriguez,0.0
Jonathan Demme,438.0
Curtis Hanson,161.0
Steven Spielberg,14000.0
Kathryn Bigelow,0.0
Peyton Reed,235.0
Phyllida Lloyd,58.0
Garry Marshall,0.0
Jay Chandrasekhar,422.0
Terrence Malick,0.0
David Dobkin,71.0
Milos Forman,869.0
Martin Scorsese,17000.0
Pierre Morel,180.0
Paul Hunter,13.0
Bobby Farrelly,101.0
Steve Oedekerk,176.0
John Whitesell,14.0
Chris Weitz,129.0
Andrew Adamson,80.0
George Nolfi,53.0
Kevin Reynolds,58.0
Cameron Crowe,488.0
Seth MacFarlane,3000.0
James L. Brooks,274.0
Tom Shadyac,293.0
Adam McKay,285.0
Steven Brill,65.0
J.J. Abrams,14000.0
Steven Soderbergh,0.0
Donald Petrie,80.0
Phil Lord,97.0
Neil Jordan,277.0
Peyton Reed,235.0
Rawson Marshall Thurber,43.0
Chris Columbus,0.0
Sean Anders,51.0
Rob Marshall,252.0
Spike Lee,0.0
Brian Helgeland,241.0
Frank Marshall,155.0
Cameron Crowe,488.0
Alex Proyas,295.0
Tom Dey,9.0
Hideo Nakata,62.0
Glenn Ficarra,43.0
Peter Hewitt,12.0
Joe Roth,148.0
Bennett Miller,152.0
Wolfgang Petersen,249.0
Jaume Collet-Serra,174.0
Andy Fickman,99.0
James McTeigue,160.0
David Dobkin,71.0
,
Matthew O'Callaghan,5.0
Angela Robinson,23.0
Gary Fleder,39.0
Tommy Wirkola,75.0
Adrian Lyne,213.0
D.J. Caruso,154.0
Stephen Gaghan,79.0
Michael Bay,0.0
Jorge R. Gutiérrez,34.0
Richard Loncraine,12.0
Clint Eastwood,16000.0
Ridley Scott,0.0
David Fincher,21000.0
Christophe Gans,50.0
Howard Deutch,41.0
Jon Hurwitz,22.0
F. Gary Gray,473.0
Steven Quale,77.0
John Landis,644.0
Joe Dante,287.0
David Dobkin,71.0
Mimi Leder,75.0
Alexander Witt,38.0
Beeban Kidron,17.0
Carl Franklin,73.0
Steven Seagal,0.0
Robert Rodriguez,0.0
Danny Boyle,0.0
Garry Marshall,0.0
James McTeigue,160.0
Sam Raimi,0.0
,
Andrew Bergman,31.0
Tom Dey,9.0
Clint Eastwood,16000.0
Barbet Schroeder,58.0
Richard Donner,503.0
Peter Webber,73.0
Rob Reiner,0.0
Andrew Niccol,487.0
John McTiernan,323.0
Clint Eastwood,16000.0
Tom Tykwer,670.0
John Carpenter,0.0
,
Brad Bird,663.0
Wes Anderson,0.0
Gary Ross,378.0
Alan Parker,317.0
Stephen Herek,65.0
Jaume Collet-Serra,174.0
David Cronenberg,0.0
John Stockwell,134.0
Luc Besson,0.0
David Gordon Green,234.0
Jim Sheridan,260.0
Costa-Gavras,333.0
Patrick Read Johnson,32.0
Roland Joffé,596.0
Doug Liman,218.0
,
Tony Scott,12000.0
William Friedkin,607.0
Mark Neveldine,83.0
Richard LaGravenese,98.0
Danny DeVito,0.0
Ben Stiller,0.0
George Armitage,5.0
Mike Nichols,0.0
Patrick Lussier,71.0
Andrzej Bartkowiak,43.0
James Wong,70.0
,
Renny Harlin,212.0
Richard Curtis,628.0
Steven Soderbergh,0.0
Steven Spielberg,14000.0
Joe Wright,456.0
Neill Blomkamp,662.0
Phillip Noyce,176.0
David Fincher,21000.0
Chuck Bowman,42.0
David O. Russell,737.0
Daniel Espinosa,79.0
Jerry Zucker,109.0
Iain Softley,34.0
James Mangold,446.0
Harold Ramis,11000.0
Francis Ford Coppola,0.0
James Mangold,446.0
Olivier Megaton,118.0
Steven Soderbergh,0.0
Ben Stiller,0.0
Deepa Mehta,375.0
Warren Beatty,631.0
John McTiernan,323.0
Penny Marshall,545.0
Ted Kotcheff,270.0
Andrei Tarkovsky,0.0
Paul Bolger,0.0
Stephen Frears,350.0
P.J. Hogan,29.0
Joe Roth,148.0
Christopher Nolan,22000.0
Jonathan Frakes,906.0
Jimmy Hayward,39.0
Edward Zwick,380.0
Tom Shadyac,293.0
Brad Furman,65.0
Terence Young,92.0
Brian Levant,32.0
Olivier Megaton,118.0
David Zucker,119.0
Donald Petrie,80.0
Eric Brevig,40.0
Garry Marshall,0.0
Alan J. Pakula,79.0
Joel Schumacher,541.0
Rob Reiner,0.0
Phillip Noyce,176.0
Robert Luketic,126.0
Denis Villeneuve,777.0
Antoine Fuqua,845.0
Dean Parisot,23.0
Keenen Ivory Wayans,322.0
James Bobin,33.0
Stephen Norrington,45.0
Thomas Carter,49.0
Roger Michell,50.0
Luis Llosa,49.0
David McNally,18.0
Richard Curtis,628.0
John Lasseter,487.0
Albert Hughes,117.0
Luis Llosa,49.0
Ron Shelton,41.0
Melville Shavelson,5.0
Jesse Dylan,58.0
Garth Jennings,37.0
Joel Zwick,38.0
Russell Mulcahy,85.0
Frank Coraci,153.0
Wayne Wang,61.0
Curtis Hanson,161.0
Frank Oz,0.0
Oliver Stone,0.0
David R. Ellis,160.0
Peter Howitt,29.0
John A. Davis,8.0
David Lynch,0.0
Julie Taymor,278.0
Sam Mendes,0.0
Richard Donner,503.0
Mathieu Kassovitz,326.0
John Gray,29.0
Harold Ramis,11000.0
John Schultz,13.0
Sean Penn,0.0
Susan Stroman,38.0
Pete Travis,38.0
Simon Wincer,23.0
Billy Bob Thornton,0.0
Oliver Stone,0.0
Roman Polanski,2000.0
Stephen Sommers,208.0
Spike Lee,0.0
Yimou Zhang,611.0
Danny Pang,15.0
Barry Sonnenfeld,188.0
Mike Newell,179.0
,
George P. Cosmatos,170.0
Oliver Parker,32.0
Lawrence Kasanoff,11.0
Ben Affleck,0.0
Andrew Davis,99.0
Andy Tennant,72.0
Barry Levinson,272.0
George P. Cosmatos,170.0
Brian Gibson,13.0
Norman Ferguson,3.0
Michael Cimino,517.0
Len Wiseman,235.0
Paul McGuigan,118.0
Gus Van Sant,835.0
Betty Thomas,84.0
Louis Leterrier,255.0
Roger Kumble,16.0
Sydney Pollack,521.0
Burr Steers,23.0
Simon West,165.0
Phil Lord,97.0
Roger Michell,50.0
Peter Lord,91.0
John Hamburg,29.0
Reginald Hudlin,71.0
Paul Feig,176.0
Joseph L. Mankiewicz,311.0
Frank Coraci,153.0
Carl Franklin,73.0
Barbra Streisand,0.0
Mark Pellington,89.0
Larry Charles,119.0
John Glen,46.0
Catherine Hardwicke,308.0
John Herzfeld,17.0
Annabel Jankel,5.0
Andrew Niccol,487.0
Yimou Zhang,611.0
Julie Anne Robinson,30.0
Evan Goldberg,133.0
Sngmoo Lee,19.0
,
Jean-Pierre Jeunet,0.0
Curtis Hanson,161.0
Jamel Debbouze,326.0
Brian Helgeland,241.0
Gordon Chan,4.0
M. Night Shyamalan,0.0
Asger Leth,20.0
David Frankel,64.0
John G. Avildsen,80.0
David O. Russell,737.0
Anne Fletcher,98.0
Bruce Beresford,78.0
Robert Zemeckis,0.0
Luc Besson,0.0
Sam Taylor-Johnson,456.0
Robert Rodriguez,0.0
Joel Schumacher,541.0
Shawn Levy,189.0
Peter Berg,532.0
Penny Marshall,545.0
James Wan,0.0
David Fincher,21000.0
Ken Kwapis,42.0
David Zucker,119.0
Wes Craven,0.0
Robert Zemeckis,0.0
Etan Cohen,164.0
Francis Ford Coppola,0.0
Nora Ephron,0.0
Brian Helgeland,241.0
Anthony Minghella,333.0
Bobby Farrelly,101.0
Frank Marshall,155.0
Nancy Meyers,278.0
Tim Story,167.0
Michael Mann,0.0
Taylor Hackford,138.0
Frank Miller,436.0
Pete Travis,38.0
John Hamburg,29.0
Bobby Farrelly,101.0
Oliver Stone,0.0
John Whitesell,14.0
Gore Verbinski,563.0
Angelina Jolie Pitt,11000.0
Burr Steers,23.0
Nick Cassavetes,415.0
David R. Ellis,160.0
Steven Spielberg,14000.0
John Moore,212.0
Nicholas Stoller,89.0
Peter Chelsom,23.0
Joe Dante,287.0
Mark A.Z. Dippé,20.0
Kevin Reynolds,58.0
Brad Furman,65.0
Jaume Collet-Serra,174.0
Christopher Nolan,22000.0
Sean Anders,51.0
Cal Brunker,7.0
Mel Gibson,0.0
John Glen,46.0
Nimród Antal,190.0
Ivan Reitman,425.0
David Koepp,192.0
Alejandro Agresti,18.0
Iain Softley,34.0
Peter Hedges,54.0
Paul Weiland,10.0
Clint Eastwood,16000.0
Francis Ford Coppola,0.0
Mathieu Kassovitz,326.0
Steven Spielberg,14000.0
John McTiernan,323.0
Colin Strause,25.0
Donald Petrie,80.0
Joan Chen,643.0
Marc Lawrence,30.0
Greg Mottola,99.0
Anne Fletcher,98.0
Wes Craven,0.0
Joel Schumacher,541.0
Oliver Stone,0.0
Jake Kasdan,52.0
Diane Keaton,0.0
Steven Quale,77.0
Kelly Makin,6.0
Mimi Leder,75.0
Bobby Farrelly,101.0
,
Steven Brill,65.0
Seth MacFarlane,3000.0
Russell Mulcahy,85.0
Stephen Daldry,335.0
Roger Michell,50.0
Jim Sheridan,260.0
Christian Duguay,18.0
Chris Columbus,0.0
Chuck Russell,55.0
Sam Weisman,39.0
John Frankenheimer,287.0
Peter Hyams,0.0
Justin Chadwick,56.0
Pat O'Connor,7.0
Stephen Hopkins,81.0
Martin Scorsese,17000.0
Penny Marshall,545.0
Olivier Megaton,118.0
Frederik Du Chau,7.0
Michael Caton-Jones,105.0
Irwin Winkler,34.0
Joseph Kahn,33.0
Harold Becker,17.0
Paul Verhoeven,719.0
Sofia Coppola,0.0
Barbet Schroeder,58.0
Stephen Kay,19.0
J.A. Bayona,171.0
Elaine May,124.0
Wes Anderson,0.0
Stephen Herek,65.0
John Carpenter,0.0
Jean-Pierre Jeunet,0.0
Dennie Gordon,29.0
Charles Shyer,14.0
Ken Kwapis,42.0
Ulu Grosbard,22.0
William Malone,37.0
Paul Weitz,80.0
Paul McGuigan,118.0
Danny DeVito,0.0
Malcolm D. Lee,92.0
Jerry Jameson,5.0
Mic Rodgers,7.0
Christian Alvart,22.0
Gary Fleder,39.0
Christian Duguay,18.0
Jean-Marie Poiré,8.0
Danny Boyle,0.0
Brian Robbins,48.0
Marc F. Adler,0.0
Pierre Morel,180.0
Geoffrey Sax,13.0
D.J. Caruso,154.0
Iain Softley,34.0
Richard Shepard,47.0
Joel Coen,0.0
Peter Ho-Sun Chan,31.0
Sergey Bodrov,44.0
Joon-ho Bong,584.0
Bibo Bergeron,10.0
Jeff Nathanson,23.0
Alex Proyas,295.0
S.S. Rajamouli,50.0
Robert Schwentke,124.0
Michael Lehmann,36.0
Rob Cohen,357.0
Tim Burton,13000.0
Joss Whedon,0.0
Charles S. Dutton,534.0
Richard Lester,44.0
Peter Segal,88.0
John Woo,610.0
Andy Tennant,72.0
Robert Luketic,126.0
Jonathan Lynn,36.0
Robert Rodriguez,0.0
David Carson,18.0
Kar-Wai Wong,0.0
Francis Lawrence,508.0
,
Yuefeng Song,0.0
Norman Jewison,278.0
Michael Apted,150.0
David Mirkin,7.0
Andy Fickman,99.0
Luis Mandoki,43.0
John Pasquin,11.0
Roman Polanski,2000.0
Michael Apted,150.0
Stephen Herek,65.0
Lee Daniels,304.0
Ridley Scott,0.0
John Carpenter,0.0
David Twohy,123.0
Jeb Stuart,11.0
Steve Miner,49.0
Gil Kenan,27.0
Paul Thomas Anderson,0.0
David Leland,2.0
Gary Fleder,39.0
J Blakeson,5.0
Ryan Coogler,0.0
Ben Affleck,0.0
Kirk Jones,52.0
Ethan Coen,1000.0
Jennifer Flackett,3.0
Ron Howard,2000.0
Paul Thomas Anderson,0.0
Kevin Smith,0.0
Christian Ditter,11.0
Charles Martin Smith,188.0
Catherine Hardwicke,308.0
Nick Cassavetes,415.0
Les Mayfield,10.0
Rawson Marshall Thurber,43.0
Fedor Bondarchuk,35.0
Jonathan Mostow,84.0
Irvin Kershner,883.0
Steve Pink,38.0
Charles Martin Smith,188.0
John Frankenheimer,287.0
F. Gary Gray,473.0
Cameron Crowe,488.0
Rob Reiner,0.0
Scott Hicks,96.0
Mikael Håfström,101.0
Andrew Niccol,487.0
Andrew Bergman,31.0
Kirk De Micco,16.0
Chris Rock,0.0
Todd Phillips,480.0
Wilson Yip,25.0
Jay Roach,116.0
Tim Burton,13000.0
Roland Joffé,596.0
Richard Donner,503.0
John Lee Hancock,102.0
,
Robert Rodriguez,0.0
Seth Gordon,91.0
Ethan Coen,1000.0
David Frankel,64.0
Robert Wise,338.0
Seth Gordon,91.0
Martin Scorsese,17000.0
Robert Luketic,126.0
Judd Apatow,0.0
Kevin Rodney Sullivan,8.0
Anthony Minghella,333.0
Curtis Hanson,161.0
Mike Mitchell,31.0
Frank Oz,0.0
Roger Donaldson,79.0
Wes Craven,0.0
Tarsem Singh,763.0
Randall Wallace,130.0
Randall Wallace,130.0
Kevin Munroe,14.0
Michael Tollin,19.0
Will Gluck,87.0
Nicholas Stoller,89.0
John Lee Hancock,102.0
Spike Lee,0.0
Judd Apatow,0.0
Walt Becker,12.0
Patrick Tatopoulos,148.0
Ken Kwapis,42.0
Dennis Dugan,221.0
Gary David Goldberg,30.0
Mike Newell,179.0
Paul W.S. Anderson,545.0
Tobe Hooper,365.0
Ethan Coen,1000.0
John Moore,212.0
Andrew Niccol,487.0
Alan Poul,16.0
Luke Greenfield,42.0
,
Gil Junger,19.0
Michael Ritchie,23.0
Steven E. de Souza,133.0
Roman Polanski,2000.0
Albert Hughes,117.0
Catherine Hardwicke,308.0
Jaume Collet-Serra,174.0
Mike Nichols,0.0
Clint Eastwood,16000.0
Alexandre Aja,192.0
Michael Rymer,48.0
Stephen Hopkins,81.0
Gregory Hoblit,40.0
Hugh Wilson,37.0
Mike Hodges,24.0
Kevin Smith,0.0
Rob Cohen,357.0
Clint Eastwood,16000.0
Scott Mann,8.0
Susanna White,24.0
Danny DeVito,0.0
Chris Carter,251.0
Tommy O'Haver,13.0
Peter Landesman,15.0
John Singleton,309.0
Gary Chapman,2.0
Curtis Hanson,161.0
Craig Mazin,82.0
Allen Hughes,90.0
Wes Craven,0.0
David Koepp,192.0
Anne Fletcher,98.0
Shekhar Kapur,159.0
Taylor Hackford,138.0
Richard Loncraine,12.0
Roger Kumble,16.0
Kimble Rendall,0.0
Peter Yates,170.0
Robert Redford,0.0
John Milius,468.0
Jake Kasdan,52.0
Lasse Hallström,529.0
Les Mayfield,10.0
Jean-Marc Vallée,212.0
Dominic Sena,57.0
Terrence Malick,0.0
Hark Tsui,85.0
David Ayer,453.0
Brian Helgeland,241.0
Lexi Alexander,189.0
Peter Hewitt,12.0
Robert Zemeckis,0.0
Ronny Yu,31.0
Ridley Scott,0.0
,
Richard Donner,503.0
Taylor Hackford,138.0
Bille August,55.0
Brian De Palma,0.0
Moustapha Akkad,278.0
Jean-Paul Rappeneau,22.0
Ang Lee,0.0
Alejandro G. Iñárritu,0.0
Roland Joffé,596.0
Joachim Rønning,18.0
Tony Kaye,194.0
Wes Ball,47.0
Ken Scott,31.0
Martin Scorsese,17000.0
Darren Aronofsky,0.0
Hugh Johnson,3.0
Simon West,165.0
Hayao Miyazaki,6000.0
George Tillman Jr.,88.0
Rand Ravich,7.0
Hugh Hudson,46.0
Gabriele Muccino,125.0
Justin Chadwick,56.0
Warren Beatty,631.0
Rob Reiner,0.0
Andrzej Bartkowiak,43.0
Raja Gosnell,67.0
Jeremy Degruson,0.0
Chris Gorak,21.0
Scott Speer,35.0
David R. Ellis,160.0
Joe Charbanic,10.0
Jonathan Hensleigh,36.0
Danny Cannon,41.0
Boaz Yakin,132.0
Mike Newell,179.0
Richard Marquand,37.0
Neil Marshall,197.0
Stephen Daldry,335.0
David Wain,136.0
Jon Favreau,4000.0
Jon Turteltaub,226.0
Brian Levant,32.0
Richard Donner,503.0
Jared Hess,100.0
Paul Feig,176.0
Evan Goldberg,133.0
Rupert Wainwright,9.0
George Tillman Jr.,88.0
John Luessenhop,34.0
Justin Zackham,16.0
John Whitesell,14.0
Duncan Jones,0.0
Frank Marshall,155.0
Joel Schumacher,541.0
Jean-Pierre Jeunet,0.0
Steven Spielberg,14000.0
John Gatins,61.0
David Cronenberg,0.0
Louis Leterrier,255.0
Sam Raimi,0.0
Peter Howitt,29.0
Martin Scorsese,17000.0
Miguel Sapochnik,238.0
Hyung-rae Shim,26.0
Norman Jewison,278.0
Don Scardino,35.0
Mark Dindal,10.0
Tim Robbins,0.0
Steven Soderbergh,0.0
Tom Reeve,0.0
Francis Ford Coppola,0.0
Nanette Burstein,8.0
Stephen Herek,65.0
Ariel Vromen,34.0
Sydney Pollack,521.0
Robert Zemeckis,0.0
Lewis Gilbert,43.0
Wes Anderson,0.0
Scott Hicks,96.0
Frank Marshall,155.0
Gregory Hoblit,40.0
Paul Feig,176.0
John Francis Daley,0.0
Barry Sonnenfeld,188.0
Rob Marshall,252.0
Dennis Dugan,221.0
J.B. Rogers,6.0
John Lasseter,487.0
Jan de Bont,101.0
Michael Sucsy,23.0
Tom Vaughan,12.0
Boaz Yakin,132.0
John McTiernan,323.0
Lee Daniels,304.0
Rawson Marshall Thurber,43.0
Barry Sonnenfeld,188.0
Steve Oedekerk,176.0
Garry Marshall,0.0
Hugh Wilson,37.0
David Fincher,21000.0
Neill Blomkamp,662.0
Stephen Hillenburg,47.0
Clint Eastwood,16000.0
Clint Eastwood,16000.0
Harold Ramis,11000.0
Nick Cassavetes,415.0
Anne Fletcher,98.0
Peter Chelsom,23.0
Stig Bergqvist,0.0
Barbra Streisand,0.0
Edward Zwick,380.0
Jason Reitman,655.0
Alexander Payne,729.0
Jonathan Levine,129.0
Rian Johnson,0.0
Chris Weitz,129.0
Chris Noonan,108.0
David Frankel,64.0
Nicholas Stoller,89.0
,
John Singleton,309.0
Michael McCullers,5.0
Forest Whitaker,0.0
Gary Winick,56.0
Steven Brill,65.0
Gary Winick,56.0
Woody Allen,11000.0
Peter Lepeniotis,7.0
Ted Demme,47.0
Luis Mandoki,43.0
William Shatner,0.0
John Schultz,13.0
Peter Segal,88.0
John Glen,46.0
Steve Box,9.0
Richard LaGravenese,98.0
Frederik Du Chau,7.0
Joe Wright,456.0
Gary Winick,56.0
Ridley Scott,0.0
Bobby Farrelly,101.0
Tim Burton,13000.0
James Gartner,0.0
Denis Villeneuve,777.0
Antoine Fuqua,845.0
Sam Raimi,0.0
Lee Toland Krieger,43.0
Tim McCanlies,23.0
Jon M. Chu,209.0
John Stockwell,134.0
Marc Forster,395.0
David Slade,171.0
Drew Goddard,246.0
Jason Friedberg,82.0
Martin Brest,102.0
Paul Michael Glaser,343.0
Frank Oz,0.0
Joe Wright,456.0
,
John R. Leonetti,40.0
Tom Hanks,15000.0
Kimberly Peirce,108.0
Liz Friedlander,3.0
,
Phil Joanou,21.0
Sam Weisman,39.0
Shane Acker,30.0
Steven Soderbergh,0.0
Martha Coolidge,57.0
Stephen J. Anderson,15.0
Troy Miller,14.0
Warren Beatty,631.0
Tate Taylor,150.0
Carl Franklin,73.0
Brett Leonard,32.0
Ivan Reitman,425.0
Scott Derrickson,301.0
Alister Grierson,24.0
Nick Hurran,34.0
Nicholas Stoller,89.0
Charles Stone III,30.0
Paul Haggis,549.0
Kurt Wimmer,110.0
Jean-François Richet,25.0
Antoine Fuqua,845.0
Kevin Hooks,114.0
Ellory Elkayem,11.0
Edward Zwick,380.0
Jon Avnet,50.0
Niki Caro,51.0
Howard Deutch,41.0
Vincenzo Natali,165.0
Willard Huyck,8.0
Gavin O'Connor,149.0
Bruce Hunt,2.0
Rob Reiner,0.0
Paul McGuigan,118.0
Craig Gillespie,44.0
Terrence Malick,0.0
Chris Roberts,38.0
Neil Jordan,277.0
James Wong,70.0
Jee-woon Kim,419.0
Nick Hamm,6.0
Andy Cadiff,3.0
Mike Disa,6.0
Lasse Hallström,529.0
Terry Gilliam,0.0
Richard J. Lewis,12.0
,
Brad Furman,65.0
Peter Howitt,29.0
Edward Zwick,380.0
Sergio Leone,0.0
Niels Arden Oplev,76.0
Michael Radford,53.0
Neil Jordan,277.0
Steve Boyum,9.0
Chris Noonan,108.0
Kaige Chen,45.0
Corey Yuen,23.0
Andrew Dominik,181.0
Li Zhang,0.0
Laurent Tirard,2.0
Simon West,165.0
Marc Forster,395.0
Reinhard Klooss,7.0
Bille August,55.0
Frédéric Auburtin,18.0
Olivier Dahan,61.0
Maksim Fadeev,0.0
Liliana Cavani,59.0
Greg Tiernan,5.0
Elizabeth Banks,0.0
James Mangold,446.0
,
Edward Norton,0.0
Peter Hewitt,12.0
Ron Howard,2000.0
George Clooney,0.0
Reginald Hudlin,71.0
Ben Falcone,265.0
Richard Attenborough,0.0
Lawrence Kasdan,759.0
Don Mancini,64.0
John Maybury,11.0
Ron Clements,63.0
F. Gary Gray,473.0
Steven Spielberg,14000.0
Igor Kovalyov,5.0
Lee Tamahori,93.0
Stephen Frears,350.0
Robert Rodriguez,0.0
John McTiernan,323.0
David Wain,136.0
Adam McKay,285.0
Ang Lee,0.0
Gavin O'Connor,149.0
Zack Snyder,0.0
Adam Shankman,163.0
Shinji Aramaki,21.0
Wes Anderson,0.0
James Mangold,446.0
Jon Turteltaub,226.0
John Glen,46.0
Peter Chelsom,23.0
Peter Hyams,0.0
Ben Stiller,0.0
Lasse Hallström,529.0
Kenny Ortega,197.0
Scott Hicks,96.0
Matthew Vaughn,905.0
Ruben Fleischer,181.0
Patrick Lussier,71.0
Miguel Arteta,44.0
Joe Wright,456.0
Ridley Scott,0.0
Michael Caton-Jones,105.0
McG,368.0
James Gray,115.0
Janusz Kaminski,710.0
Jacques Perrin,63.0
Donald Petrie,80.0
Jay Roach,116.0
Brian Levant,32.0
Michael Ritchie,23.0
John Carpenter,0.0
David Gordon Green,234.0
Burr Steers,23.0
Martin Scorsese,17000.0
Robert B. Weide,53.0
Jeff Wadlow,65.0
Agustín Díaz Yanes,13.0
Camille Delamarre,11.0
John Glen,46.0
Judd Apatow,0.0
Nick Cassavetes,415.0
Malcolm D. Lee,92.0
David Lean,767.0
Richard Eyre,14.0
Gavin Hood,151.0
,
Nicholas Meyer,120.0
Callie Khouri,144.0
Jon Favreau,4000.0
Gary Fleder,39.0
John Landis,644.0
Sanaa Hamri,43.0
Todd Graff,650.0
Chris Weitz,129.0
Steve Miner,49.0
Paul McGuigan,118.0
Philip Kaufman,133.0
Roland Emmerich,776.0
Wolfgang Petersen,249.0
Alex Proyas,295.0
Saul Dibb,10.0
,
Walter Murch,181.0
Richard Linklater,0.0
Christian Alvart,22.0
E. Elias Merhige,54.0
Menno Meyjes,43.0
Robert Rodriguez,0.0
Jodie Foster,0.0
Ronny Yu,31.0
Joel Schumacher,541.0
Renny Harlin,212.0
Barry Levinson,272.0
Norman Jewison,278.0
Kenneth Branagh,0.0
Steve Carr,41.0
Mark Waters,70.0
Judd Apatow,0.0
John Madden,108.0
Scott Frank,71.0
Ivan Reitman,425.0
David Gordon Green,234.0
Andy Tennant,72.0
Kevin Costner,0.0
Joel Schumacher,541.0
,
Richard Attenborough,0.0
Wes Craven,0.0
David R. Ellis,160.0
Joel Coen,0.0
Scott Stewart,124.0
Michael Bay,0.0
Paul Weitz,80.0
Jonathan Frakes,906.0
Lawrence Kasdan,759.0
Jim Sheridan,260.0
Kevin Allen,8.0
Garry Marshall,0.0
Michael Cristofer,49.0
James McTeigue,160.0
Donald Petrie,80.0
Andrew Morahan,5.0
Bob Rafelson,30.0
Michael Cohn,2.0
Woody Allen,11000.0
David O. Russell,737.0
Alan Shapiro,0.0
Tarsem Singh,763.0
Fernando Meirelles,353.0
Mel Gibson,0.0
Chris Columbus,0.0
Barry Levinson,272.0
Clint Eastwood,16000.0
Oliver Stone,0.0
Pierre Morel,180.0
Michael Hoffman,97.0
Mick Jackson,81.0
Steven Spielberg,14000.0
Tate Taylor,150.0
Bill Condon,386.0
Raja Gosnell,67.0
Oleg Stepchenko,0.0
Ronny Yu,31.0
Michael Winterbottom,187.0
John A. Davis,8.0
Matt Reeves,198.0
Michael Pressman,34.0
Brian De Palma,0.0
Ethan Coen,1000.0
Tim Story,167.0
Sharon Maguire,11.0
Lasse Hallström,529.0
Charles Herman-Wurmfeld,0.0
Andy Fickman,99.0
Ivan Reitman,425.0
George P. Cosmatos,170.0
Andrzej Bartkowiak,43.0
Richard Donner,503.0
James Wong,70.0
Scott Hicks,96.0
Gabor Csupo,47.0
Marc Forster,395.0
Tyler Perry,0.0
Joe Carnahan,248.0
John Polson,21.0
Adam McKay,285.0
Martin Scorsese,17000.0
Harald Zwart,91.0
Kirk Jones,52.0
Brian De Palma,0.0
Steve Oedekerk,176.0
Bernardo Bertolucci,973.0
Baltasar Kormákur,175.0
Brett Ratner,420.0
Paul Thomas Anderson,0.0
Cathy Malkasian,0.0
John Eng,0.0
Malcolm D. Lee,92.0
Ken Kwapis,42.0
Chris Nahon,20.0
Fred Wolf,29.0
Bille Woodruff,23.0
Craig Gillespie,44.0
Phillip Noyce,176.0
Dennie Gordon,29.0
Victor Salva,108.0
Mark Helfrich,7.0
Andrzej Bartkowiak,43.0
Stephen Daldry,335.0
Andy Fickman,99.0
Steve Bendelack,68.0
Dwight H. Little,27.0
Guillaume Canet,0.0
Kirsten Sheridan,59.0
Shekhar Kapur,159.0
Ronny Yu,31.0
Richard Fleischer,130.0
Bob Spiers,14.0
David Gordon Green,234.0
Damien Dante Wayans,82.0
Frank Darabont,0.0
Simon Wincer,23.0
Bobby Farrelly,101.0
Rupert Wyatt,81.0
John Wells,53.0
Tim Fywell,3.0
Nigel Cole,13.0
Dexter Fletcher,452.0
Spike Lee,0.0
Jeremy Leven,19.0
,
Lasse Hallström,529.0
Sylvain White,41.0
Troy Nixey,24.0
Philip G. Atwell,5.0
Paul Thomas Anderson,0.0
Jeff Schaffer,17.0
Don Michael Paul,70.0
Paul Feig,176.0
James Bridges,21.0
Steve Barron,48.0
Bill Paxton,0.0
Richard Kelly,219.0
Carter Smith,27.0
John Schlesinger,154.0
Wes Craven,0.0
Luke Greenfield,42.0
Ringo Lam,17.0
Bruce McCulloch,54.0
Brian Helgeland,241.0
Akiva Schaffer,82.0
David R. Ellis,160.0
Alan Parker,317.0
Ivan Reitman,425.0
Tobe Hooper,365.0
,
Robert Redford,0.0
Catherine Hardwicke,308.0
Patricia Riggen,36.0
John Carpenter,0.0
Pascal Chaumeil,8.0
Gavin O'Connor,149.0
Neil Jordan,277.0
Ron Maxwell,33.0
Kimberly Peirce,108.0
Stephen Gaghan,79.0
Jonathan Kaplan,57.0
Ole Bornedal,30.0
Richard Benjamin,121.0
Rod Lurie,37.0
Lasse Hallström,529.0
Craig R. Baxley,22.0
John Hillcoat,214.0
John Guillermin,71.0
Marcos Siega,32.0
J.B. Rogers,6.0
Roger Donaldson,79.0
David R. Ellis,160.0
Rachel Talalay,54.0
Jeffrey W. Byrd,2.0
Fernando Meirelles,353.0
Uwe Boll,892.0
Roman Polanski,2000.0
Atom Egoyan,460.0
Andrew Adamson,80.0
Robert Towne,162.0
Richard Linklater,0.0
Giuseppe Tornatore,911.0
Werner Herzog,0.0
Ben Stassen,4.0
Guillaume Canet,0.0
Taylor Hackford,138.0
Jérôme Deschamps,0.0
Inna Evlannikova,0.0
Ridley Scott,0.0
Jonathan English,9.0
Sergey Bondarchuk,27.0
Teddy Chan,3.0
Mario Van Peebles,535.0
Stephen Frears,350.0
Walter Salles,179.0
Leonard Nimoy,12000.0
Sylvester Stallone,13000.0
Ericson Core,19.0
Wes Craven,0.0
Gavin O'Connor,149.0
Tim Story,167.0
Jonathan Lynn,36.0
Herbert Ross,71.0
Todd Phillips,480.0
Terry Gilliam,0.0
Danny Cannon,41.0
Bonnie Hunt,597.0
Kevin Smith,0.0
Neil LaBute,119.0
Grant Heslov,293.0
George Gallo,269.0
James Mangold,446.0
Robert Luketic,126.0
Tim Hill,25.0
Sidney Lumet,0.0
Brian Robbins,48.0
Ron Shelton,41.0
Douglas McGrath,41.0
Alexandre Aja,192.0
Kevin Spacey,18000.0
Steve Boyum,9.0
Richard Williams,18.0
Mary McGuckian,6.0
George Tillman Jr.,88.0
Hayao Miyazaki,6000.0
Ruben Fleischer,181.0
Peter Jackson,0.0
Frank Coraci,153.0
Irvin Kershner,883.0
Michael Bay,0.0
David Zucker,119.0
James Wong,70.0
George Clooney,0.0
David Twohy,123.0
Tony Goldwyn,956.0
Spike Jonze,0.0
Dexter Fletcher,452.0
John Dahl,131.0
Jonathan Newman,3.0
Wayne Wang,61.0
Andy Cadiff,3.0
Michael Dinner,12.0
Steven Soderbergh,0.0
Joseph Sargent,114.0
Jerry Zaks,4.0
Fred Durst,258.0
Neil Jordan,277.0
Simon Wincer,23.0
Paul Haggis,549.0
Anne Fontaine,105.0
Jon Cassar,78.0
Stephen Frears,350.0
,
Mira Nair,300.0
Teddy Chan,3.0
Mikael Håfström,101.0
Mel Brooks,0.0
Russell Crowe,0.0
Jerry Zucker,109.0
Bobby Farrelly,101.0
John Pasquin,11.0
John Lee Hancock,102.0
Andy Fickman,99.0
Clint Eastwood,16000.0
Luke Greenfield,42.0
Richard Attenborough,0.0
Lasse Hallström,529.0
Irwin Winkler,34.0
Jessie Nelson,24.0
Christopher Spencer,25.0
Len Wiseman,235.0
Mikael Håfström,101.0
Steven Soderbergh,0.0
Richard Attenborough,0.0
Mike Bigelow,2.0
Ken Scott,31.0
Paul McGuigan,118.0
Susanna White,24.0
Dennis Dugan,221.0
David Bowers,42.0
Spike Lee,0.0
Kevin Smith,0.0
Michael Bay,0.0
Daniel Sackheim,12.0
Ethan Coen,1000.0
Harry Elfont,4.0
Gary Fleder,39.0
Uli Edel,34.0
David O. Russell,737.0
Fred Dekker,87.0
Brian Trenchard-Smith,53.0
Blake Edwards,688.0
Hugh Wilson,37.0
Camille Delamarre,11.0
Laurence Dunmore,2.0
Paul Verhoeven,719.0
Christian Carion,13.0
David Palmer,21.0
Callie Khouri,144.0
Rowan Joffe,17.0
William Friedkin,607.0
John Curran,43.0
Laurent Tirard,2.0
Scott Cooper,108.0
Tony Gilroy,209.0
Peter Segal,88.0
Mark Pellington,89.0
Juan José Campanella,195.0
Woody Allen,11000.0
Clint Eastwood,16000.0
Trey Parker,406.0
Frank Oz,0.0
Stuart Gillard,8.0
Brian Robbins,48.0
David O. Russell,737.0
Richard LaGravenese,98.0
Tyler Perry,0.0
Louis Leterrier,255.0
Jeff Wadlow,65.0
Katt Shea,52.0
,
Sam Mendes,0.0
Joshua Michael Stern,0.0
Brad Silberling,52.0
Tomas Alfredson,140.0
John Duigan,18.0
Jodie Foster,0.0
Colin Higgins,19.0
David Cronenberg,0.0
Steven Spielberg,14000.0
Chris Columbus,0.0
Steven Spielberg,14000.0
Jim Sonzero,2.0
Tony Scott,12000.0
Adam Shankman,163.0
Jonathan Demme,438.0
Penelope Spheeris,122.0
Jeff Tremaine,79.0
Jeannot Szwarc,82.0
Raja Gosnell,67.0
James Wan,0.0
Brian Levant,32.0
Ben Falcone,265.0
D.J. Caruso,154.0
Richard Linklater,0.0
Paul W.S. Anderson,545.0
Paul McGuigan,118.0
Keenen Ivory Wayans,322.0
Alexander Payne,729.0
Andrew Davis,99.0
Julie Anne Robinson,30.0
Steve McQueen,0.0
Charles Stone III,30.0
Tyler Perry,0.0
Tim Burton,13000.0
Thea Sharrock,17.0
Tyler Perry,0.0
William Friedkin,607.0
Jon Lucas,24.0
Aaron Seltzer,64.0
Robin Budd,2.0
Ava DuVernay,151.0
Steve Trenbirth,0.0
Stephen Kay,19.0
Mennan Yapo,9.0
Jun Falkenstein,25.0
Jaume Collet-Serra,174.0
Boaz Yakin,132.0
,
Jason Friedberg,82.0
John Milius,468.0
Tom McCarthy,310.0
Neil LaBute,119.0
Takashi Shimizu,70.0
Kevin Rodney Sullivan,8.0
Peter Hewitt,12.0
Barry Levinson,272.0
Gary Nelson,20.0
Anton Corbijn,210.0
Gregory Nava,16.0
Jason Friedberg,82.0
Alejandro G. Iñárritu,0.0
Shawn Levy,189.0
John Patrick Shanley,53.0
Trey Parker,406.0
John Luessenhop,34.0
Jon Amiel,36.0
Malcolm D. Lee,92.0
Joshua Logan,32.0
Gus Van Sant,835.0
Kevin Reynolds,58.0
Steve Beck,17.0
Todd Strauss-Schulson,12.0
John McNaughton,39.0
Nelson McCormick,29.0
John Madden,108.0
Stephen Frears,350.0
Eric Valette,2.0
John Schlesinger,154.0
Roger Donaldson,79.0
Michel Gondry,1000.0
Andy Fickman,99.0
David Ayer,453.0
Edgar Wright,1000.0
Andrew Fleming,26.0
Michael Spierig,35.0
Jim Field Smith,14.0
Thomas Bezucha,15.0
William Brent Bell,19.0
Simon Wincer,23.0
Anthony Bell,0.0
Renny Harlin,212.0
Jessica Bendinger,31.0
Robert Rodriguez,0.0
Gus Van Sant,835.0
Henry Joost,24.0
Ed Harris,0.0
John Carpenter,0.0
,
Alfred Hitchcock,13000.0
Howard Deutch,41.0
Shana Feste,19.0
Garry Marshall,0.0
Steve Rash,15.0
Richard Donner,503.0
Mark Steven Johnson,160.0
Mike Binder,57.0
Sean Penn,0.0
Todd Phillips,480.0
Michael J. Bassett,83.0
Robert Rodriguez,0.0
Frank Nissen,0.0
Jodie Foster,0.0
Stephen Chow,0.0
,
Peter Hastings,0.0
Marc Forster,395.0
Alejandro G. Iñárritu,0.0
Paul Abascal,2.0
Catherine Hardwicke,308.0
Chris Koch,13.0
Amy Heckerling,143.0
Michael Moore,909.0
George Stevens,126.0
Billy Ray,53.0
Jason Friedberg,82.0
Nimród Antal,190.0
Jon Amiel,36.0
Mark Mylod,20.0
James Mather,4.0
Barry Levinson,272.0
Mark Neveldine,83.0
Woody Allen,11000.0
Michael O. Sajbel,6.0
Phillip Noyce,176.0
Gore Verbinski,563.0
Walter Hill,394.0
David Koepp,192.0
Renny Harlin,212.0
Matt Reeves,198.0
Charles T. Kanganis,18.0
Michel Gondry,1000.0
Stephen Frears,350.0
John Hillcoat,214.0
Woody Allen,11000.0
Damon Santostefano,4.0
John Wells,53.0
Neil Jordan,277.0
Woody Allen,11000.0
Frank Oz,0.0
James Wan,0.0
Kirk Jones,52.0
Bob Clark,84.0
Les Mayfield,10.0
Les Mayfield,10.0
Michael Lembeck,54.0
Bob Fosse,189.0
Paul Thomas Anderson,0.0
Dave Borthwick,3.0
Benson Lee,9.0
,
David Zucker,119.0
Robert Rodriguez,0.0
Glen Morgan,17.0
Fred Wolf,29.0
Mike Leigh,608.0
Alejandro Monteverde,38.0
David Cronenberg,0.0
Richard Linklater,0.0
Michael Apted,150.0
Uwe Boll,892.0
Todd Graff,650.0
Jonathan Glazer,143.0
J.C. Chandor,78.0
Paul Gross,329.0
Marc Abraham,18.0
Todd Haynes,162.0
Mabrouk El Mechri,19.0
Rian Johnson,0.0
Charlie Kaufman,0.0
Hayao Miyazaki,6000.0
Jean-Paul Rappeneau,22.0
Nancy Walker,42.0
John Hillcoat,214.0
Angelo Pizzo,14.0
Richard Benjamin,121.0
Kurt Wimmer,110.0
Roger Spottiswoode,55.0
James Gray,115.0
Matthew Diamond,12.0
Angelina Jolie Pitt,11000.0
Katsuhiro Ôtomo,78.0
David Anspaugh,25.0
Andrew Jarecki,46.0
Kevin Reynolds,58.0
Stephen Chow,0.0
Jean-Marie Poiré,8.0
Kevin Munroe,14.0
Daniel Algrant,3.0
,
Julie Taymor,278.0
Alejandro Amenábar,448.0
Jane Clark,23.0
Daniel Lee,10.0
Mike Barker,5.0
Wayne Thornley,0.0
Gnana Rajasekaran,0.0
Tom Walsh,2.0
Jonathan Jakubowicz,23.0
James McTeigue,160.0
Scott Walker,17.0
John Curran,43.0
Uli Edel,34.0
Kevin Costner,0.0
Jake Kasdan,52.0
Harold Becker,17.0
Mark Rosman,15.0
Wes Craven,0.0
Steve Beck,17.0
Stanley Kubrick,0.0
Robert Zemeckis,0.0
William Malone,37.0
Tyler Perry,0.0
Rob Hawk,97.0
Josh Gordon,8.0
Shawn Levy,189.0
Lee Tamahori,93.0
,
Britt Allcroft,2.0
Breck Eisner,42.0
Hayao Miyazaki,6000.0
Alan Yuen,0.0
Roger Donaldson,79.0
Brian Percival,33.0
Sean Anders,51.0
Anand Tucker,14.0
Anthony Mann,75.0
Michael Dowse,31.0
Daniel Barnz,33.0
Emile Ardolino,22.0
Robert Altman,500.0
James Schamus,44.0
Andrew Douglas,15.0
Spike Jonze,0.0
George A. Romero,0.0
Danny Pang,15.0
Terry Gilliam,0.0
Ricky Gervais,0.0
Nicholas Stoller,89.0
Chuck Russell,55.0
Penny Marshall,545.0
Larry Charles,119.0
Robert Luketic,126.0
Leonard Nimoy,12000.0
Scott Derrickson,301.0
Mike Mitchell,31.0
Vic Armstrong,179.0
Thomas Bezucha,15.0
Kevin Rodney Sullivan,8.0
Terry Zwigoff,72.0
Jay Roach,116.0
Kirk Jones,52.0
David Bowers,42.0
John McTiernan,323.0
Milos Forman,869.0
Nelson McCormick,29.0
Mark Waters,70.0
Audrey Wells,22.0
Robert Altman,500.0
,
Francis Ford Coppola,0.0
Alejandro G. Iñárritu,0.0
Woody Allen,11000.0
Paul Greengrass,521.0
Bille Woodruff,23.0
Edward Zwick,380.0
Rick Friedberg,8.0
John Carpenter,0.0
Sean McNamara,80.0
Mike Nichols,0.0
Jody Hill,62.0
Richard Fleischer,130.0
Martin Scorsese,17000.0
Brandon Camp,7.0
Barry Levinson,272.0
Kevin Tancharoen,64.0
Danny Boyle,0.0
Woody Allen,11000.0
Nicholas Hytner,13.0
Jessie Nelson,24.0
Bart Freundlich,38.0
Irwin Winkler,34.0
Danny Boyle,0.0
Chris Columbus,0.0
Miguel Arteta,44.0
William A. Fraker,28.0
John Boorman,128.0
Brian De Palma,0.0
Courtney Solomon,31.0
Ang Lee,0.0
Rob Reiner,0.0
Jeff Kanew,6.0
István Szabó,109.0
Adrian Lyne,213.0
Matthew Robbins,25.0
Michael Hoffman,97.0
Tim Burton,13000.0
Jason Reitman,655.0
Sergey Bodrov,44.0
Guy Ritchie,0.0
Hal Needham,379.0
Kenneth Branagh,0.0
Bruce Beresford,78.0
Jeff Nichols,337.0
Woody Allen,11000.0
Jonathan Teplitzky,6.0
,
Michael Haneke,0.0
Zack Ward,662.0
Mike Marvin,28.0
D.J. Caruso,154.0
Nimród Antal,190.0
Gregor Jordan,34.0
,
Tran Anh Hung,157.0
Lance Hool,0.0
George A. Romero,0.0
Chuck Russell,55.0
Christian Volckman,2.0
Jon Cassar,78.0
Richard Fleischer,130.0
Rodrigo Cortés,89.0
Greg Mottola,99.0
Tyler Perry,0.0
David Hayter,512.0
Jon M. Chu,209.0
Cory Edwards,19.0
Terry George,83.0
Xavier Gens,87.0
Kasi Lemmons,148.0
Brian A Miller,32.0
Matt Dillon,0.0
Alejandro Amenábar,448.0
James Cameron,0.0
George Cukor,165.0
Jim Gillespie,13.0
Luke Greenfield,42.0
Alexander Payne,729.0
Jay Chandrasekhar,422.0
John Carpenter,0.0
Yimou Zhang,611.0
John Hoffman,9.0
Malcolm D. Lee,92.0
Joe Carnahan,248.0
Kevin Greutert,52.0
Michael Lehmann,36.0
Joseph Kosinski,364.0
John Fortenberry,12.0
Daniel Barnz,33.0
Alexandre Aja,192.0
Sam Weisman,39.0
Niki Caro,51.0
Erik White,17.0
Chris Robinson,49.0
Jason Moore,36.0
Michael Tollin,19.0
Sam Raimi,0.0
Robert Harmon,11.0
Trent Cooper,0.0
Gary Halvorson,11.0
Antoine Fuqua,847.0
Nicholas Ray,117.0
Fede Alvarez,201.0
Donald Petrie,80.0
Paul Weitz,80.0
Sidney J. Furie,22.0
Ian Iqbal Rashid,8.0
Wayne Kramer,47.0
Rowdy Herrington,9.0
Jim Goddard,3.0
Neil Burger,168.0
Noel Marshall,4.0
Joel Schumacher,541.0
Andrea Di Stefano,30.0
Richard Kelly,219.0
Guillaume Ivernel,0.0
Jack Smight,22.0
Todd Lincoln,57.0
Howard Zieff,6.0
Steven Shainberg,30.0
Neil Burger,168.0
Oliver Stone,0.0
Ang Lee,0.0
Julian Jarrold,11.0
Joe Nussbaum,18.0
Vadim Perelman,26.0
Peter Weir,608.0
Peter Farrelly,137.0
Rob Reiner,0.0
Sidney Lumet,0.0
Todd Phillips,480.0
Brian Robbins,48.0
Michel Hazanavicius,405.0
David S. Goyer,687.0
Wes Anderson,0.0
Jonathan Liebesman,473.0
Cyrus Nowrasteh,19.0
Perry Andelin Blake,11.0
Guillermo del Toro,0.0
,
John Whitesell,14.0
John Singleton,309.0
Christian E. Christiansen,26.0
Dennie Gordon,29.0
Sheldon Lettich,23.0
Edgar Wright,1000.0
Diane English,15.0
Woody Allen,11000.0
Peter Flinth,5.0
Jon Lucas,24.0
Robert Iscove,7.0
Peter Kosminsky,7.0
Karyn Kusama,45.0
Nick Gomez,22.0
Woody Allen,11000.0
Vic Armstrong,179.0
Allen Coulter,47.0
Clare Kilner,6.0
Richard Benjamin,121.0
Jonathan Demme,438.0
Josef Rusnak,9.0
Lance Rivera,3.0
Ronald Neame,38.0
Bruce Paltrow,28.0
Woody Allen,11000.0
Adam Rifkin,89.0
Russell Mulcahy,85.0
Susanne Bier,369.0
Kenneth Johnson,34.0
James Gray,115.0
James Ivory,133.0
Danny Boyle,0.0
Jessy Terrero,29.0
Dany Boon,172.0
Vicente Amorim,6.0
Gaspar Noé,929.0
Amy Heckerling,143.0
Lasse Hallström,529.0
Jérôme Salle,22.0
Tommy Lee Jones,0.0
Jesse Vaughan,10.0
,
Atom Egoyan,460.0
William Bindley,4.0
Wayne Beach,7.0
Gérard Krawczyk,7.0
James Gunn,571.0
Martin Brest,102.0
Chris Columbus,0.0
Leonard Nimoy,12000.0
Sydney Pollack,521.0
Tony Scott,12000.0
Ang Lee,0.0
Sam Mendes,0.0
Tom Hooper,0.0
Ivan Reitman,425.0
,
Udayan Prasad,4.0
Steven Spielberg,14000.0
JK Youn,2.0
Timur Bekmambetov,335.0
Morten Tyldum,77.0
Howard Zieff,6.0
Michael Apted,150.0
Thor Freudenthal,87.0
Andrés Muschietti,127.0
John Carpenter,0.0
Harold Ramis,11000.0
Jeff Tremaine,79.0
Stephen Frears,350.0
Tim Burton,13000.0
Tyler Perry,0.0
Gillian Armstrong,44.0
James Watkins,43.0
Simon West,165.0
Shawn Levy,189.0
Michael Cimino,517.0
Barry Levinson,272.0
Jim Fall,13.0
Ric Roman Waugh,29.0
Michael Dougherty,66.0
Robert Rodriguez,0.0
Brian Gibson,13.0
James Mangold,446.0
Joel Gallen,11.0
David Ayer,453.0
Cameron Crowe,488.0
Rob Cohen,357.0
James Marsh,120.0
John Whitesell,14.0
Matt Williams,18.0
David Lean,767.0
Rob Zombie,0.0
Jean-Marc Vallée,212.0
Dennis Iliadis,29.0
Clare Kilner,6.0
Rick Rosenthal,28.0
Louis Leterrier,255.0
Rob Reiner,0.0
Denzel Washington,18000.0
Nicolas Winding Refn,0.0
Sara Sugarman,10.0
Nicholas Hytner,13.0
Juan Carlos Fresnadillo,35.0
Thomas Carter,49.0
Wayne Wang,61.0
Gina Prince-Bythewood,107.0
George Armitage,5.0
Phil Traill,3.0
Joe Berlinger,31.0
Andrew Fleming,26.0
Woody Allen,11000.0
Elizabeth Allen Rosenbaum,20.0
James Ivory,133.0
Paul Thomas Anderson,0.0
Robert Harmon,11.0
Michael Mayer,15.0
Martin Weisz,7.0
John Ottman,83.0
Jay Russell,13.0
John Bonito,8.0
Peter Atencio,10.0
Shana Feste,19.0
David Nutter,119.0
Derek Cianfrance,310.0
Roger Donaldson,79.0
Stephan Elliott,11.0
Kathryn Bigelow,0.0
Mark L. Lester,73.0
Andrew Dominik,181.0
Anton Corbijn,210.0
Tom Green,374.0
Mike Nawrocki,12.0
Catherine Owens,0.0
Douglas Aarniokoski,36.0
Bryan Barber,16.0
Lone Scherfig,92.0
Drew Barrymore,0.0
Brian Koppelman,34.0
James Foley,164.0
Albert Brooks,745.0
Irwin Winkler,34.0
Woody Allen,11000.0
Steve Gomer,9.0
RZA,561.0
Dean Parisot,23.0
Mark Piznarski,4.0
Terry Gilliam,0.0
Sean McNamara,80.0
,
Joel Coen,0.0
Craig Brewer,153.0
Ron Shelton,41.0
Michael Winterbottom,187.0
David Raynr,9.0
Mort Nathan,2.0
Oliver Parker,32.0
Dan Curtis,45.0
Wil Shriner,6.0
Martin McDonagh,454.0
Tina Gordon Chism,24.0
Peter Cattaneo,11.0
Vicky Jenson,96.0
Gus Van Sant,835.0
Woody Allen,11000.0
Mary Lambert,52.0
Tommy Lee Jones,0.0
Peter Kassovitz,0.0
Shane Black,1000.0
Rodman Flender,6.0
David Lynch,0.0
Katja von Garnier,18.0
Woody Allen,11000.0
Mark Romanek,132.0
,
Brad Anderson,122.0
Michael Chapman,70.0
Antonio Banderas,0.0
Michael Haneke,0.0
Khalil Sullins,5.0
Atom Egoyan,460.0
Fritz Lang,756.0
Pierre Morel,180.0
Gary Fleder,39.0
Hsiao-Hsien Hou,141.0
Gregor Jordan,34.0
Andrey Zvyagintsev,445.0
Tony Jaa,0.0
Neil Marshall,197.0
Russell Mulcahy,85.0
Ryûhei Kitamura,129.0
Darrell Roodt,36.0
Dito Montiel,68.0
Stefan Ruzowitzky,24.0
Jake Paltrow,17.0
Juraj Jakubisko,15.0
Anthony Silverston,0.0
Gabe Ibáñez,19.0
Gerry Lively,93.0
Daniele Luchetti,6.0
Tung-Shing Yee,3.0
Julien Temple,67.0
Harold Ramis,11000.0
Gregory Jacobs,13.0
Baz Luhrmann,1000.0
Gilles Paquet-Brenner,15.0
Peter Cousens,5.0
Clint Eastwood,16000.0
Lars von Trier,3000.0
Danny Boyle,0.0
Adrian Lyne,213.0
Garry Marshall,0.0
John Blanchard,0.0
John Cornell,5.0
Vidhu Vinod Chopra,34.0
Oliver Stone,0.0
Jon Turteltaub,226.0
Patrick Lussier,71.0
Ole Bornedal,30.0
Ted Kotcheff,270.0
Sylvain White,41.0
Lewis Gilbert,43.0
,
Jamie Blanks,9.0
Stephen Frears,350.0
Tyler Perry,0.0
Randal Kleiser,116.0
Bruce McCulloch,54.0
Phyllida Lloyd,58.0
Mike Nawrocki,12.0
John Singleton,309.0
Kevin Bray,10.0
Wes Craven,0.0
John Boorman,128.0
Courtney Solomon,31.0
David Zucker,119.0
David Twohy,123.0
Rick Famuyiwa,44.0
Alan Cohn,0.0
Franco Zeffirelli,160.0
Tom Holland,85.0
Martin Scorsese,17000.0
Spike Lee,0.0
Chris Rock,0.0
James Isaac,52.0
Shawn Levy,189.0
Emilio Estevez,0.0
Mark Waters,70.0
Josh Schwartz,90.0
Julian Schnabel,232.0
Todd Field,143.0
Davis Guggenheim,49.0
Tony Goldwyn,956.0
Phillip Noyce,176.0
Stephen Carpenter,12.0
James Ivory,133.0
Stephan Elliott,11.0
James Fargo,109.0
Mike Leigh,608.0
Alain Resnais,752.0
Costa-Gavras,333.0
Chao-Bin Su,2.0
Neil Burger,168.0
Kenneth Lonergan,50.0
Bo Zenga,10.0
Rob Reiner,0.0
Ang Lee,0.0
Jonathan Liebesman,473.0
Amy Heckerling,143.0
Todd Haynes,162.0
Steve Pink,38.0
,
Philip Kaufman,133.0
Martin McDonagh,454.0
Kasi Lemmons,148.0
,
Oliver Hirschbiegel,101.0
Alejandro Amenábar,448.0
Jonathan Glazer,143.0
Barry Levinson,272.0
Hyung-rae Shim,26.0
Jon M. Chu,209.0
Darren Aronofsky,0.0
José Padilha,294.0
Francis Ford Coppola,0.0
Thomas Carter,49.0
Renny Harlin,212.0
Patricia Riggen,36.0
Danny Leiner,8.0
Christopher Cain,58.0
Theodore Melfi,51.0
Steve Pink,38.0
Gil Junger,19.0
Ed Decter,13.0
Gene Quintano,0.0
Jaume Collet-Serra,174.0
Eric Bress,19.0
Chris Koch,13.0
Preston A. Whitmore II,17.0
Bob Clark,84.0
Kirk Wong,6.0
Bronwen Hughes,15.0
John Lafia,5.0
Sam Miller,12.0
Frank Darabont,0.0
Alex Garland,232.0
Spike Jonze,0.0
Mark Brown,7.0
Dave Green,13.0
John Stockwell,134.0
Clint Eastwood,16000.0
Michael Polish,35.0
Daisy von Scherler Mayer,18.0
Lenny Abrahamson,412.0
Bob Saget,799.0
John Waters,0.0
Andrew Fleming,26.0
Niels Arden Oplev,76.0
Craig Bolotin,7.0
Mark Christopher,15.0
Blair Hayes,2.0
Jez Butterworth,16.0
Jon Lucas,24.0
Olivier Assayas,107.0
Rod Lurie,37.0
Paul Weitz,80.0
Patrice Leconte,83.0
Atom Egoyan,460.0
Paul Mazursky,150.0
Jim Sheridan,260.0
Sidney Lumet,0.0
Stephen Chbosky,139.0
Jon Hess,29.0
Douglas McGrath,41.0
Michael Winterbottom,187.0
Mark Neveldine,83.0
Joe Cornish,115.0
Angelina Jolie Pitt,11000.0
Brad Anderson,122.0
John H. Lee,32.0
John Stainton,0.0
Glenn Ficarra,43.0
Jean-Jacques Annaud,218.0
Denzel Washington,18000.0
Michael Hoffman,97.0
Tony Scott,12000.0
Benedek Fliegauf,28.0
James Foley,164.0
Michael Winterbottom,187.0
Paul Schrader,261.0
Stewart Hendler,10.0
John Cromwell,19.0
Craig Gillespie,44.0
Mark Herman,39.0
Lars von Trier,3000.0
Gillian Armstrong,44.0
Abel Ferrara,220.0
Brian Koppelman,34.0
Ethan Maniquis,20.0
George Hickenlooper,60.0
Don Bluth,383.0
Je-kyu Kang,16.0
William Dear,50.0
William Friedkin,607.0
Steven Spielberg,14000.0
Paul Weitz,80.0
Stéphane Aubier,2.0
Michael Ritchie,23.0
Tim Story,167.0
Tim Story,167.0
Nicholas Meyer,120.0
Tom Shadyac,293.0
John Badham,139.0
Peter Weir,608.0
Mike McCoy,16.0
Anne Fletcher,98.0
Mike Judge,406.0
Quentin Tarantino,16000.0
Jon Hurwitz,22.0
Josh Trank,128.0
Barbra Streisand,0.0
Terry Gilliam,0.0
Tamra Davis,33.0
Nima Nourizadeh,166.0
Franklin J. Schaffner,76.0
Mark Romanek,132.0
John Erick Dowdle,66.0
David Moreau,0.0
Christopher Erskin,4.0
Jesse Dylan,58.0
Brian Henson,53.0
Martin Campbell,258.0
Julie Taymor,278.0
Dan Cutforth,4.0
Josh Boone,131.0
John Dahl,131.0
Chris Rock,0.0
John Frankenheimer,287.0
David Koepp,192.0
,
Stephen Frears,350.0
Mike Binder,57.0
Franklin J. Schaffner,76.0
Elizabeth Allen Rosenbaum,20.0
Jake Schreier,14.0
Cheryl Dunye,17.0
Alexander Payne,729.0
Ernest R. Dickerson,226.0
Tim Hill,25.0
Jason Reitman,655.0
Mark Neveldine,83.0
Lionel C. Martin,3.0
Richard LaGravenese,98.0
Sanaa Hamri,43.0
Jonathan Demme,438.0
Bob Rafelson,30.0
Peter Webber,73.0
Wolfgang Petersen,249.0
John Lee Hancock,102.0
Wallace Wolodarsky,32.0
Richard Curtis,628.0
Yimou Zhang,611.0
Nicholas Jarecki,27.0
Dean Israelite,16.0
Darnell Martin,67.0
Scott Alexander,25.0
Stuart Gordon,216.0
Christopher Guest,378.0
Woody Allen,11000.0
Ryan Murphy,708.0
Robert Iscove,7.0
Spike Lee,0.0
Jane Campion,319.0
James Gray,115.0
Fred Schepisi,40.0
Joon-ho Bong,584.0
Roger Spottiswoode,55.0
Antonia Bird,61.0
Jon Poll,20.0
Paolo Sorrentino,667.0
Peter Care,0.0
Chan-wook Park,0.0
Kar-Wai Wong,0.0
Ira Sachs,60.0
Carroll Ballard,19.0
Neil Jordan,277.0
Takeshi Kitano,0.0
Anthony Russo,94.0
Sidney Lumet,0.0
Vadim Perelman,26.0
Lawrence Kasdan,759.0
Marco Kreuzpaintner,7.0
Lajos Koltai,45.0
Alan Rudolph,18.0
Yimou Zhang,611.0
Vincenzo Natali,165.0
Chuan Lu,14.0
Tim Johnson,12.0
Lijun Sun,0.0
Takashi Yamazaki,7.0
Renny Harlin,212.0
Christopher Smith,76.0
Timothy Hines,0.0
Randall Wallace,130.0
Guy Ritchie,0.0
David Winters,49.0
Mary Lambert,52.0
Akira Kurosawa,0.0
Jamie Thraves,2.0
Mabel Cheung,3.0
Joe Dante,287.0
George Lucas,0.0
Dan Mazer,11.0
David Lean,767.0
Stephen Daldry,335.0
Kenny Ortega,197.0
David O. Russell,737.0
Jeff Tremaine,79.0
Jonathan Lynn,36.0
R.J. Cutler,15.0
Brian Trenchard-Smith,53.0
David S. Ward,42.0
Oliver Parker,32.0
Joel Schumacher,541.0
Adam Shankman,163.0
Tim Robbins,0.0
Roger Kumble,16.0
Kevin Greutert,52.0
Mel Brooks,0.0
Gina Prince-Bythewood,107.0
Rob Pritts,5.0
Brian De Palma,0.0
Norman Jewison,278.0
Tobe Hooper,365.0
John Crowley,34.0
Stanley Kubrick,0.0
Brendan Malloy,2.0
Reginald Hudlin,71.0
Dustin Hoffman,0.0
Gregory Poirier,5.0
Bill Paxton,0.0
Simon Curtis,64.0
Bill Condon,386.0
Sam Raimi,0.0
Dewey Nicks,4.0
Lasse Hallström,529.0
Philip Saville,10.0
Mike Leigh,608.0
Daisy von Scherler Mayer,18.0
Mira Nair,300.0
Ethan Coen,1000.0
Tim Blake Nelson,596.0
William A. Graham,8.0
Martin Ritt,58.0
John Turturro,0.0
Agnieszka Holland,238.0
Tobe Hooper,365.0
Rowan Joffe,17.0
David Hackl,43.0
Giuliano Montaldo,4.0
Lisa Azuelos,15.0
Ray Lawrence,10.0
Karan Johar,160.0
Oliver Parker,32.0
Ruairi Robinson,7.0
Jaume Balagueró,57.0
Stanley Kubrick,0.0
Steven Spielberg,14000.0
Jon Kasdan,21.0
Léa Pool,4.0
Floyd Mutrux,11.0
,
Sajid Khan,0.0
Christopher Cain,58.0
Dean Wright,0.0
Eric Lartigau,7.0
Gus Van Sant,835.0
Shintaro Shimosawa,29.0
Darren Lynn Bousman,163.0
Ivan Reitman,425.0
Peyton Reed,235.0
James DeMonaco,65.0
Robert Iscove,7.0
Lee Daniels,304.0
Darren Lynn Bousman,163.0
Geoffrey Sax,13.0
Tyler Perry,0.0
Martin Scorsese,17000.0
Ken Annakin,19.0
Stephen Herek,65.0
Takashi Shimizu,70.0
Dennis Dugan,221.0
Victor Salva,108.0
Stephen Herek,65.0
Carol Reed,82.0
John Madden,108.0
Chuck Sheetz,6.0
George Miller,750.0
Mark L. Lester,73.0
William Brent Bell,19.0
John Erick Dowdle,66.0
Marcus Raboy,7.0
Leigh Whannell,482.0
Michael Schultz,78.0
Guy Ritchie,0.0
Brett Leonard,32.0
Peter Sollett,6.0
Kevin Smith,0.0
Bob Dolman,7.0
Joe Dante,287.0
Rowdy Herrington,9.0
Keenen Ivory Wayans,322.0
John Polson,21.0
Greg Coolidge,27.0
Harry Elfont,4.0
Francis Ford Coppola,0.0
David Lowery,38.0
David Cronenberg,0.0
Ciarán Foy,11.0
Salim Akil,70.0
Jamie Blanks,9.0
Olatunde Osunsanmi,58.0
Robert Altman,500.0
Leon Ichaso,5.0
Joseph Zito,17.0
Malcolm D. Lee,92.0
Wes Anderson,0.0
Colin Strause,25.0
John Madden,108.0
Patricia Rozema,22.0
Mark Rosman,15.0
Spike Lee,0.0
Steve Oedekerk,176.0
Ron Underwood,31.0
Rob Schmidt,36.0
Walter Hill,394.0
James Foley,164.0
Jeff Nichols,337.0
Robert Ben Garant,134.0
Morgan Spurlock,293.0
Neal Brennan,23.0
Tuck Tucker,14.0
Simon Curtis,64.0
Richard Shepard,47.0
Theodore Witcher,28.0
Joel Edgerton,0.0
Jim Hanon,2.0
Tommy O'Haver,13.0
Mike Judge,406.0
Michael Patrick Jann,31.0
Tim Burton,13000.0
Peter Berg,532.0
Joe Nussbaum,18.0
Brian De Palma,0.0
Jorma Taccone,434.0
Stephen Frears,350.0
Elizabeth Banks,0.0
Florian Henckel von Donnersmarck,207.0
Jeff Lowell,4.0
Lorene Scafaria,63.0
Miguel Arteta,44.0
,
Tony Kaye,194.0
Marcus Dunstan,87.0
Timothy Björklund,0.0
François Girard,63.0
David Lynch,0.0
Scott Kalvert,9.0
Jason Bateman,0.0
David Schwimmer,0.0
Allan Arkush,13.0
Mike Binder,57.0
Eric Bross,49.0
Werner Herzog,0.0
Dan Fogelman,102.0
Jay Duplass,157.0
Luca Guadagnino,64.0
John Putch,60.0
Peter Medak,34.0
Steven Soderbergh,0.0
Paul Haggis,549.0
Terence Davies,25.0
Harley Cokeliss,4.0
Victor Salva,108.0
Tom Brady,105.0
Spike Lee,0.0
Jason Zada,4.0
Franklin J. Schaffner,76.0
Noah Baumbach,387.0
Chris Weitz,129.0
David Cronenberg,0.0
Eric Blakeney,3.0
Douglas McGrath,41.0
Ariel Vromen,34.0
,
Rakesh Roshan,53.0
John Waters,0.0
William Friedkin,607.0
Derrick Borte,17.0
Richard Kwietniowski,23.0
Bob Odenkirk,0.0
Kar-Wai Wong,0.0
John Turturro,0.0
Guy Ritchie,0.0
Joshua Seftel,0.0
Stephen Chow,0.0
Vincent Gallo,787.0
Claude Chabrol,324.0
Jon Stewart,593.0
Bigas Luna,163.0
Ralph Fiennes,0.0
Dan Harris,24.0
Mel Smith,302.0
Bobcat Goldthwait,800.0
Christopher Smith,76.0
Stuart Gordon,216.0
Jake Scott,26.0
Alan Metter,3.0
Jeb Stuart,11.0
Rafa Lara,21.0
Michael Radford,53.0
Arthur Hiller,71.0
Michael Meredith,7.0
Julio DePietro,0.0
Katherine Dieckmann,8.0
William Dear,50.0
Kim Farrant,93.0
Marcus Raboy,7.0
Scott Marshall,7.0
Álex de la Iglesia,275.0
Andrew Traucki,10.0
Michael Clancy,0.0
Patrick Lussier,71.0
Robert Adetuyi,8.0
Kari Skogland,13.0
Taedong Park,0.0
Paul Schrader,261.0
Benedikt Erlingsson,4.0
Gurinder Chadha,98.0
Jason Connery,110.0
Vic Sarin,24.0
Jim Issa,5.0
Jee-woon Kim,419.0
Douglas Aarniokoski,36.0
William Phillips,3.0
Greg Mottola,99.0
Andy Garcia,0.0
Steve Carr,41.0
Sarik Andreasyan,9.0
Lewis Gilbert,43.0
Julian Gilbey,7.0
Michael Haneke,0.0
Gary Sherman,17.0
Valeri Milev,6.0
Stanley Kramer,176.0
Pedro Almodóvar,0.0
Gerald Potterton,0.0
Jared Hess,100.0
Richard Loncraine,12.0
David Hackl,43.0
Anurag Basu,116.0
Lars von Trier,3000.0
Kriv Stenders,25.0
Yash Chopra,147.0
Ridley Scott,0.0
Tobe Hooper,365.0
Floria Sigismondi,50.0
Norman Jewison,278.0
Terence Young,92.0
Joseph Kahn,33.0
Ferzan Ozpetek,798.0
F. Gary Gray,473.0
Malcolm D. Lee,92.0
Tom Holland,85.0
Michael Moore,909.0
James DeMonaco,65.0
Kris Isacsson,0.0
Danny Leiner,8.0
Rod Lurie,37.0
Ben Younger,46.0
John Landis,644.0
Glen Morgan,17.0
Daniel Taplitz,2.0
Kenneth Branagh,0.0
Tamara Jenkins,84.0
Linda Mendoza,17.0
Christopher McQuarrie,188.0
Burr Steers,23.0
Hart Bochner,157.0
Michael O. Sajbel,6.0
,
Stewart Raffill,12.0
Davis Guggenheim,49.0
Bart Freundlich,38.0
Andrew Fleming,26.0
Todd Haynes,162.0
Hong-jin Na,43.0
Kevin Tancharoen,64.0
Chatrichalerm Yukol,6.0
Dario Argento,930.0
Eric Lavaine,0.0
Mike Leigh,608.0
Marc Forby,3.0
Peter Cattaneo,11.0
Scott Mann,8.0
Ole Christian Madsen,28.0
Meiert Avis,0.0
Julian Jarrold,11.0
André Téchiné,25.0
Emily Young,6.0
Peter Faiman,4.0
Martyn Pick,4.0
Roland Suso Richter,3.0
Jeremy Sims,8.0
Maïwenn,236.0
Joby Harold,8.0
,
Ekachai Uekrongtham,3.0
Joel Schumacher,541.0
Scott Cooper,108.0
Mark Rydell,43.0
David E. Talbert,68.0
Roger Vadim,35.0
Nils Gaup,8.0
Alexander Payne,729.0
Mira Nair,300.0
Ari Sandel,17.0
Vondie Curtis-Hall,170.0
Tom Elkins,14.0
Woo-Suk Kang,0.0
Jane Campion,319.0
Karan Johar,160.0
Herbert Ross,71.0
J.C. Chandor,78.0
John Sayles,407.0
Vipul Amrutlal Shah,11.0
Ken Loach,644.0
Ayan Mukerji,0.0
John G. Avildsen,80.0
Mervyn LeRoy,54.0
Darren Lynn Bousman,163.0
Serdar Akar,11.0
Quentin Tarantino,16000.0
James Frawley,21.0
Dan Gilroy,66.0
Jay Chandrasekhar,422.0
Robert Wise,338.0
Ron Howard,2000.0
Jonathan Dayton,36.0
Rob Reiner,0.0
Danny Boyle,0.0
Chris Stokes,548.0
Don Siegel,152.0
Rick Famuyiwa,44.0
Martin Lawrence,0.0
Jonathan Levine,129.0
Masayuki Ochiai,5.0
George A. Romero,0.0
Tom Gormican,19.0
Ken Shapiro,2.0
Justin Tipping,2.0
Kenneth Branagh,0.0
Peter R. Hunt,13.0
,
Wes Craven,0.0
John Schultz,13.0
Doug Atchison,3.0
Tamra Davis,33.0
Jonas Elmer,3.0
Stephen Gaghan,79.0
Mary Harron,126.0
Miguel Arteta,44.0
Erik Canuel,31.0
Troy Duffy,78.0
James Ivory,133.0
Nicole Holofcener,132.0
Will Gluck,87.0
Matty Rich,10.0
E. Elias Merhige,54.0
Joe Nussbaum,18.0
Matt Reeves,198.0
Steve Rash,15.0
Fina Torres,26.0
James Ivory,133.0
,
Duke Johnson,26.0
Mike Leigh,608.0
François Ozon,341.0
Mark L. Lester,73.0
David Dobkin,71.0
Anna Boden,16.0
Nigel Cole,13.0
Anand Tucker,14.0
Steve James,23.0
Michael Winner,136.0
Tomm Moore,45.0
John Carney,109.0
David Jacobson,12.0
Michael Corrente,30.0
Edward Hall,0.0
Keith Gordon,200.0
David Leland,2.0
Andrew Currie,8.0
Andrew Wilson,387.0
Jonathan Lynn,36.0
Marc Schölermann,3.0
,
Robert Moresco,53.0
Thomas Vinterberg,346.0
Claudia Llosa,43.0
Katsuhiro Ôtomo,78.0
John Herzfeld,17.0
Charles Binamé,2.0
Keith Parmer,2.0
Dennie Gordon,29.0
Ol Parker,21.0
Bruce Beresford,78.0
François Ozon,341.0
James Nunn,16.0
David Webb Peoples,73.0
Michael Winnick,155.0
Bruce Beresford,78.0
George Tillman Jr.,88.0
Stanley Tong,7.0
David Oelhoffen,2.0
Jason Reitman,655.0
Eli Roth,0.0
Lone Scherfig,92.0
Anand Tucker,14.0
Tony Richardson,62.0
Joe Carnahan,248.0
Paul Gross,329.0
Charles Robert Carner,18.0
Russell Holt,0.0
Mike Judge,406.0
Larry Charles,119.0
Claude Miller,27.0
Michael Winterbottom,187.0
Sacha Bennett,22.0
Paul Haggis,549.0
Rodrigo García,127.0
Jeta Amata,20.0
Siddharth Anand,5.0
Vincent Paronnaud,10.0
Joe Dante,287.0
Dennis Gansel,23.0
Nicolas Winding Refn,0.0
Daniel Barber,12.0
Sam Raimi,0.0
Robert Marcarelli,0.0
Jason Reitman,655.0
Ernie Barbarash,249.0
Guy Hamilton,82.0
Francis Ford Coppola,0.0
Adrian Lyne,213.0
Marc Webb,464.0
Jane Campion,319.0
Steven Soderbergh,0.0
Jonathan Liebesman,474.0
Guy Hamilton,82.0
Jay Russell,13.0
Adam Brooks,20.0
Salim Akil,70.0
Baz Luhrmann,1000.0
George Clooney,0.0
Bennett Miller,152.0
Robert Rodriguez,0.0
Michael Winterbottom,187.0
,
Michael Anderson,23.0
Guy Hamilton,82.0
Craig R. Baxley,22.0
Neil Marshall,197.0
Don Kempf,0.0
Matt Bettinelli-Olpin,14.0
David O. Russell,737.0
Rob Zombie,0.0
,
Rick Famuyiwa,44.0
Michael Rymer,48.0
Sam Mendes,0.0
Rob Zombie,0.0
Sharron Miller,0.0
Ethan Coen,1000.0
Aaron Schneider,11.0
Steve Miner,49.0
Gina Prince-Bythewood,107.0
Tom Ford,192.0
Martin Scorsese,17000.0
Michael Corrente,30.0
Gurinder Chadha,98.0
Phillip Noyce,176.0
Don Michael Paul,70.0
Tony Maylam,6.0
,
Mitch Davis,7.0
,
Yash Chopra,147.0
David Mamet,342.0
Jay Duplass,157.0
Kevin Brodie,0.0
Paul Schrader,261.0
George Hickenlooper,60.0
Lynne Ramsay,159.0
John Stephenson,0.0
Tim Chambers,2.0
Curtis Hanson,161.0
Rodrigo García,127.0
Dick Richards,6.0
Jean-Marie Poiré,8.0
Sofia Coppola,0.0
Bob Gosse,10.0
Alex Zamm,43.0
Spencer Susser,58.0
Richard Shepard,47.0
Gus Van Sant,835.0
Thaddeus O'Sullivan,5.0
Peter Sollett,6.0
Shari Springer Berman,30.0
Aleksey German,23.0
Stephen Milburn Anderson,0.0
Richard E. Grant,554.0
Troy Duffy,78.0
David Lam,4.0
Francis Ford Coppola,0.0
Vladlen Barbe,0.0
Richard Rich,24.0
Clint Eastwood,16000.0
Robert C. Cooper,49.0
Richard Linklater,0.0
Kenny Ortega,197.0
Kim Nguyen,16.0
Jackie Earle Haley,0.0
Max Färberböck,4.0
Arie Posin,3.0
Damian Nieman,0.0
Mark Tonderai,13.0
Denis Villeneuve,777.0
Gabriele Muccino,125.0
Ian Fitzgibbon,11.0
José Padilha,294.0
John R. Leonetti,40.0
Rachel Perkins,3.0
John Singleton,309.0
Luis Valdez,7.0
Alan Alda,0.0
Brian De Palma,0.0
Stephen Sommers,208.0
Doug Liman,218.0
Nicole Holofcener,132.0
Robert Wise,338.0
Louis Morneau,38.0
Caroline Link,11.0
Steve McQueen,0.0
Matthew Vaughn,905.0
Sterling Van Wagenen,0.0
Zal Batmanglij,129.0
Michael Mayer,15.0
Hans Petter Moland,19.0
Oren Moverman,38.0
Ian Sharp,9.0
Anton Corbijn,210.0
James Cameron,0.0
Wolfgang Becker,31.0
Tom Hooper,0.0
Dan O'Bannon,228.0
,
Kevin Smith,0.0
Randal Kleiser,116.0
Oliver Stone,0.0
Michael Moore,909.0
George Roy Hill,131.0
Robert Stevenson,55.0
Robert Redford,0.0
Frank Coraci,153.0
Jerome Robbins,34.0
Harold Ramis,11000.0
Gary Hardwick,10.0
Rick Famuyiwa,44.0
Bryan Singer,0.0
Stephen Hopkins,81.0
Walt Becker,12.0
Darren Aronofsky,0.0
King Vidor,54.0
Christopher Guest,378.0
John Carpenter,0.0
Spike Lee,0.0
Fred Savage,0.0
Sammo Kam-Bo Hung,472.0
Christopher Guest,378.0
Donald Petrie,80.0
,
Peter Howitt,29.0
Rusty Cundieff,38.0
Kevin Macdonald,162.0
Dominique Othenin-Girard,2.0
Richard Linklater,0.0
Jean-Jacques Mantello,0.0
Ed Harris,0.0
Risa Bramon Garcia,112.0
Brian Klugman,49.0
Matt Piedmont,4.0
Raymond De Felitta,20.0
John Michael McDonagh,51.0
Deb Hagan,0.0
Sofia Coppola,0.0
Mark Herman,39.0
Zach Cregger,138.0
Zach Braff,0.0
Mark Tarlov,3.0
,
John Cameron Mitchell,263.0
Sheldon Lettich,23.0
Jon Knautz,10.0
Billy Ray,53.0
David Atkins,8.0
Patrick Stettner,5.0
Sam Peckinpah,541.0
Jonathan Levine,129.0
Michael Crichton,735.0
Lynne Ramsay,159.0
Sylvio Tabet,0.0
Rick Bieber,11.0
Claude Chabrol,324.0
Shana Feste,19.0
Wayne Wang,61.0
Joey Lauren Adams,781.0
Peter Cattaneo,11.0
Fred Zinnemann,160.0
S.R. Bindler,0.0
Tony Kaye,194.0
Greg Marcks,9.0
Perry Lang,17.0
Jake Goldberger,2.0
Stefan Ruzowitzky,24.0
Vic Sarin,24.0
William Kaufman,58.0
,
David Cronenberg,0.0
Cédric Klapisch,82.0
Kate Barker-Froyland,4.0
Barbet Schroeder,58.0
Martin Koolhoven,12.0
Charles Matthau,139.0
John Frankenheimer,287.0
Christopher M. Bessette,0.0
Prachya Pinkaew,64.0
Gary Sinyor,0.0
,
Gurinder Chadha,98.0
John Sayles,407.0
Preston A. Whitmore II,17.0
Ashish R. Mohan,2.0
Jaume Balagueró,57.0
Stewart Raffill,12.0
George Roy Hill,131.0
Hugh Hudson,46.0
Darren Grant,0.0
Scott Hicks,96.0
Joseph Gordon-Levitt,23000.0
Clint Eastwood,16000.0
Terry Zwigoff,72.0
Richard Eyre,14.0
William Sachs,14.0
Christophe Barratier,25.0
Émile Gaudreault,9.0
James Cox,10.0
Spike Lee,0.0
James Toback,56.0
Aki Kaurismäki,592.0
Gaspar Noé,929.0
Hitoshi Matsumoto,17.0
Rakeysh Omprakash Mehra,85.0
Collin Schiffli,4.0
George Ratliff,3.0
David Wain,136.0
Shane Meadows,222.0
Morten Tyldum,77.0
Jon Wright,4.0
Michael McGowan,12.0
Liv Ullmann,440.0
Jeannot Szwarc,82.0
Rohan Sippy,4.0
James Wan,0.0
Darren Lynn Bousman,163.0
Dan Trachtenberg,16.0
Jeff Tremaine,79.0
David F. Sandberg,26.0
Henry Joost,24.0
Stiles White,10.0
Chuck Russell,55.0
Joel Edgerton,0.0
Eugenio Derbez,399.0
Henry Joost,24.0
Henry Koster,28.0
Blake Edwards,688.0
Rachel Talalay,54.0
Patty Jenkins,260.0
Richard Fleischer,130.0
Christopher Landon,52.0
David Lynch,0.0
Jean-Marc Vallée,212.0
David Gelb,26.0
Christopher Nolan,22000.0
Mike Flanagan,59.0
Kevin Smith,0.0
Stephen Daldry,335.0
Nat Faxon,214.0
George Jackson,0.0
George Miller,18.0
Maurice Joyce,0.0
Robert Duvall,3000.0
Frank Perry,24.0
Jesse Peretz,37.0
Stephen Hopkins,81.0
Ice Cube,0.0
Tim Blake Nelson,596.0
John Erick Dowdle,66.0
Bille Woodruff,23.0
Kasi Lemmons,148.0
Richard Glatzer,25.0
Michael Curtiz,345.0
Bruce Malmuth,6.0
Rob Hedden,6.0
Joel Zwick,38.0
Harmony Korine,520.0
Joe Chappelle,13.0
Alfonso Cuarón,0.0
Edgar Wright,1000.0
Mickey Liddell,7.0
John Sayles,407.0
Dwight H. Little,27.0
Fred Walton,17.0
Barry Levinson,272.0
Steve Carver,8.0
Gonzalo López-Gallego,17.0
Christine Jeffs,19.0
John Erick Dowdle,66.0
Don Coscarelli,152.0
King Vidor,54.0
Michael Tiddes,89.0
Bill Duke,1000.0
Frank Borzage,57.0
Bille Woodruff,23.0
Mamoru Hosoda,99.0
Brian Dannelly,12.0
Denys Arcand,66.0
Richard Lester,44.0
J.S. Cardone,23.0
Guy Hamilton,82.0
Jay Levey,3.0
Nicholaus Goossen,4.0
Tamara Jenkins,84.0
Sergio Leone,0.0
Jon Favreau,4000.0
Duncan Jones,0.0
Scott Marshall,7.0
Ronan Chapalain,0.0
Atom Egoyan,460.0
Xavier Beauvois,22.0
Randall Miller,19.0
Jerry Belson,3.0
Peter Jackson,0.0
Michael Polish,35.0
Dan Rush,7.0
Jake Kasdan,52.0
Brad Anderson,122.0
Paul Schrader,261.0
Michael Cuesta,52.0
John Cameron Mitchell,263.0
Fenton Bailey,13.0
Jeremy Saulnier,57.0
Billy Kent,0.0
James Manera,0.0
Wes Anderson,0.0
Kevin Spacey,18000.0
Feroz Abbas Khan,0.0
Errol Morris,239.0
Dennis Hopper,0.0
Eli Craig,27.0
Nicholas Fackler,6.0
Richard Wallace,5.0
Morgan J. Freeman,204.0
Matthew Hastings,3.0
M. Night Shyamalan,0.0
Brian De Palma,0.0
Klaus Menzel,34.0
,
Oren Peli,110.0
Jaume Balagueró,57.0
Paul Andrew Williams,46.0
Stephen Herek,65.0
Bob Saget,799.0
Jim Amatulli,0.0
,
William H. Macy,0.0
Barrett Esposito,0.0
Mitch Davis,7.0
Eric Bross,49.0
Paul Schrader,261.0
Vicky Jewson,3.0
Peter Hyams,0.0
Marc Bennett,3.0
Mike Mayhall,14.0
Kevin Smith,0.0
Stanton Barrett,20.0
Jirí Menzel,44.0
Fatih Akin,766.0
Billy Bob Thornton,0.0
Nick Murphy,58.0
Eli Roth,0.0
Michael Winterbottom,187.0
Jeff Nichols,337.0
Frank LaLoggia,7.0
Jeremy Brock,16.0
Scott Foley,0.0
Tobe Hooper,365.0
Sam Peckinpah,541.0
Nicolas Winding Refn,0.0
Christophe Ali,0.0
Gabriela Tagliavini,20.0
Shekar,0.0
Shona Auerbach,11.0
Leonard Farlinger,0.0
Michel Leclerc,3.0
Analeine Cal y Mayor,4.0
Tom Kalin,4.0
Robert Sarkies,0.0
Hugh Wilson,37.0
Randal Kleiser,116.0
Mike Newell,179.0
Amy Heckerling,143.0
John Huston,1000.0
Spike Lee,0.0
,
Lana Wachowski,0.0
Darren Aronofsky,0.0
Walter Lang,9.0
Carlos Saura,98.0
Oliver Stone,0.0
Andrew Erwin,10.0
Richard Kelly,219.0
Beto Gómez,5.0
Mike van Diem,4.0
Jonas Åkerlund,68.0
Todd Solondz,377.0
Chan-wook Park,0.0
René Féret,0.0
Barry Skolnick,0.0
Johnnie To,143.0
Mateo Gil,3.0
Lukas Moodysson,187.0
Agnieszka Wojtowicz-Vosloo,0.0
Kabir Sadanand,0.0
Milos Forman,869.0
Peter DeLuise,358.0
Mel Brooks,0.0
Raja Menon,6.0
,
Ernie Barbarash,249.0
Nick Love,63.0
Jonathan Glazer,143.0
Daniel Espinosa,79.0
Niki Caro,51.0
R. Balki,12.0
Ivan Engler,0.0
Joe Wright,456.0
Kenny Ortega,197.0
,
Richard Kwietniowski,23.0
Timur Bekmambetov,335.0
Neil Jordan,277.0
Bob Clark,84.0
George A. Romero,0.0
George A. Romero,0.0
Sofia Coppola,0.0
Woody Allen,11000.0
Cecil B. DeMille,309.0
Ridley Scott,0.0
Marc Forster,395.0
Henry Hobson,9.0
Mike Figgis,81.0
Duane Journey,2.0
Dan O'Bannon,228.0
Billy Wilder,0.0
Rob Cohen,357.0
Carol Reed,82.0
,
Lisa Cholodenko,450.0
John Carpenter,0.0
John Sturges,120.0
William Arntz,0.0
Ed Gass-Donnelly,8.0
Richard Linklater,0.0
Woody Allen,11000.0
Tim Burton,13000.0
DJ Pooh,69.0
DJ Pooh,69.0
Wayne Kramer,47.0
John Huston,1000.0
Patrick Stettner,5.0
James Melkonian,7.0
Wes Craven,0.0
J.A. Bayona,171.0
Michael Tiddes,89.0
Roger Avary,675.0
Alfred Hitchcock,13000.0
Bob Odenkirk,0.0
Allison Anders,99.0
Steven Shainberg,30.0
Rick de Oliveira,2.0
Oliver Stone,0.0
Christopher Guest,378.0
Jeff Franklin,24.0
John Dahl,131.0
Mike Mills,101.0
Kevin Smith,0.0
Dave McKean,21.0
Ron Fricke,330.0
Ruggero Deodato,101.0
Gavin Wiesen,19.0
Mora Stephens,5.0
Mars Callahan,60.0
Mike Figgis,81.0
Leos Carax,227.0
David Gordon Green,234.0
Stefan Schwartz,13.0
Renny Harlin,212.0
Robert Lee King,0.0
Kevin Allen,8.0
Jorge Ramírez Suárez,45.0
David Schwimmer,0.0
Barry Levinson,272.0
Sam Miller,12.0
Anne Fontaine,105.0
Dan Ireland,137.0
Fernando León de Aranoa,58.0
Jim Mickle,53.0
,
Stephen Kay,19.0
Karim Aïnouz,19.0
Sam Levinson,8.0
Julian Gilbey,7.0
Vincenzo Natali,165.0
Aleksandr Veledinskiy,0.0
Peter H. Hunt,0.0
Ruba Nadda,55.0
Howard Hughes,177.0
Edward Burns,0.0
Phil Joanou,21.0
Sean Byrne,18.0
Chris Stokes,548.0
Mark Griffiths,4.0
Bruce Macdonald,103.0
Timur Bekmambetov,335.0
Fred Zinnemann,160.0
Sidney Lumet,0.0
Victor Fleming,149.0
Richard Raymond,10.0
Sam Peckinpah,541.0
Alan Jacobs,2.0
George Sidney,24.0
Christopher Morris,69.0
Andrucha Waddington,6.0
Peter Stebbings,89.0
Vincente Minnelli,136.0
Dagur Kári,29.0
Nicholas Hytner,13.0
Jaume Collet-Serra,174.0
,
John Schlesinger,154.0
Peter Cattaneo,11.0
Jim Abrahams,104.0
Kevin Carraway,2.0
F. Gary Gray,473.0
Albert Hughes,117.0
,
Michael Gornick,10.0
Sam Peckinpah,541.0
Richard Brooks,174.0
Fred Zinnemann,160.0
Jack Smight,22.0
Alfred Hitchcock,13000.0
Robert Eggers,22.0
Michael Martin,0.0
Edward Burns,0.0
Bill Condon,386.0
Juan José Campanella,195.0
George A. Romero,0.0
Gideon Raff,47.0
Sam Raimi,0.0
Louis C.K.,0.0
Anthony C. Ferrante,48.0
Salvador Carrasco,22.0
André Øvredal,12.0
Robert Cary,0.0
Akiva Schaffer,82.0
Adam Rapp,9.0
Angela Robinson,23.0
Warren P. Sonoda,28.0
Amanda Gusack,0.0
Avi Nesher,6.0
,
Charles Adelman,0.0
Jay Oliva,41.0
Charles Ferguson,117.0
Uwe Boll,892.0
Mark Young,14.0
Daniel Petrie Jr.,19.0
Antonio Simoncini,0.0
Mel Brooks,0.0
Luc Jacquet,10.0
J.C. Chandor,78.0
Eldar Rapaport,0.0
Clark Gregg,0.0
Damien Chazelle,141.0
Fernando Meirelles,353.0
Justin Kerrigan,8.0
Nathan Frankowski,19.0
Karen Moncrieff,22.0
Thomas Vinterberg,346.0
Bob Clark,84.0
Alejandro Monteverde,38.0
Mark L. Lester,73.0
Jennifer Finnigan,246.0
Eric Styles,4.0
Laurent Cantet,39.0
Roman Polanski,2000.0
John Ford,673.0
Max Mayer,6.0
Joshua Marston,13.0
Mike Mills,101.0
John Gulager,38.0
John Landis,644.0
Guy Hamilton,82.0
Brandon Cronenberg,43.0
Frank Capra,964.0
Danny Boyle,0.0
Spike Lee,0.0
Tod Williams,21.0
Kirk Jones,52.0
Michael Moore,909.0
Yimou Zhang,611.0
Jack Sholder,28.0
James Ivory,133.0
James DeMonaco,65.0
Scott Derrickson,301.0
David Raynr,9.0
Richard Brooks,174.0
Ted Post,57.0
Charles Martin Smith,188.0
Kunihiko Yuyama,8.0
Tom McLoughlin,41.0
David Lean,767.0
Patrick Read Johnson,32.0
Alfred Hitchcock,13000.0
Billy Wilder,0.0
Adam Marcus,18.0
Alfred Hitchcock,13000.0
Michel Gondry,1000.0
John Maclean,85.0
Michael Schultz,78.0
Benny Boom,23.0
Richard Brooks,174.0
Stanley Kramer,176.0
David Raynr,9.0
,
Howard Hawks,393.0
Nnegest Likké,18.0
Richard Linklater,0.0
Christopher Leitch,4.0
Don Coscarelli,152.0
Michael Schultz,78.0
Patricia Cardoso,15.0
,
Deepa Mehta,375.0
Damien O'Donnell,70.0
Peter M. Cohen,0.0
Mira Nair,300.0
Nicole Holofcener,132.0
Mel Stuart,21.0
Anthony Hickox,16.0
Tom Schulman,45.0
Terrence Malick,0.0
Jill Sprecher,11.0
Darren Stein,18.0
Julian Schnabel,232.0
Noah Baumbach,387.0
Gavin Hood,151.0
Todd Solondz,377.0
George Gallo,269.0
Kevin Smith,0.0
Chan-wook Park,0.0
David Nixon,13.0
Jason Eisener,59.0
Enrique Begne,0.0
Matthew Bright,9.0
Michael Landon Jr.,84.0
Andrea Arnold,121.0
Whit Stillman,89.0
,
Leslye Headland,21.0
,
Bobby Roth,40.0
Tim Heidecker,78.0
Rupert Wyatt,81.0
,
Marco Kreuzpaintner,7.0
Kate Connor,27.0
Deon Taylor,26.0
Jason Alexander,700.0
Xavier Gens,87.0
Conor McPherson,0.0
Will Canon,8.0
Philip Zlotorynski,0.0
Tim Burton,13000.0
Lance Kawas,66.0
Francesca Gregorini,15.0
Marcio Garcia,74.0
David Wain,136.0
Craig Moss,19.0
Michael Jai White,2000.0
John Boorman,128.0
Paolo Monico,3.0
Youssef Delara,8.0
Darin Scott,39.0
Christian Sesma,9.0
Monte Hellman,96.0
Kenneth Branagh,0.0
Brian Caunter,0.0
Chris D'Arienzo,7.0
Walter Salles,179.0
Frank Capra,964.0
Isaac Florentine,81.0
Susan Seidelman,39.0
Michael Polish,35.0
Heidi Ewing,4.0
Richard Donner,503.0
Alexandre Aja,192.0
Leon Ford,18.0
Hank Braxtan,6.0
Craig Brewer,153.0
Billy Wilder,0.0
John Carl Buechler,152.0
Victor Fleming,149.0
Mel Brooks,0.0
George A. Romero,0.0
Rajkumar Hirani,124.0
Victor Nunez,9.0
Carroll Ballard,19.0
Rohit Jugraj,2.0
Thorbjørn Christoffersen,0.0
John Ford,673.0
Alex van Warmerdam,53.0
Victor Fleming,149.0
Mel Brooks,0.0
Joseph Zito,17.0
Pawel Pawlikowski,84.0
James Ivory,133.0
Frank Sebastiano,3.0
Rand Ravich,7.0
Stacy Peralta,147.0
Nacho Vigalondo,76.0
Hao Ning,0.0
Tony Giglio,6.0
Stanley Donen,134.0
Joe Cross,65.0
Michael Tiddes,89.0
Dinesh D'Souza,67.0
Rob Zombie,0.0
Tom Hanks,15000.0
Tommy Lee Wallace,24.0
Don Taylor,11.0
Martin Ritt,58.0
Leslie Small,15.0
Gus Van Sant,835.0
Zach Braff,0.0
Richard Linklater,0.0
Éric Tessier,0.0
Alison Maclean,7.0
Alice Wu,13.0
Sarah Gavron,34.0
Jake Schreier,14.0
Isabel Coixet,148.0
James Ponsoldt,53.0
Randall Miller,19.0
Larry Charles,119.0
Joshua Tickell,9.0
Tim Boxell,10.0
Rawson Marshall Thurber,43.0
Michael D. Sellers,0.0
Reed Cowan,0.0
James Dodson,8.0
Stefan Ruzowitzky,24.0
Alex Rivera,8.0
James Gunn,571.0
John Murlowski,20.0
Benni Diez,2.0
Danny Perez,0.0
Spike Lee,0.0
Robby Henson,9.0
Mike Judge,406.0
Zackary Adler,0.0
Shane Meadows,222.0
Dominic Burns,15.0
George Sidney,24.0
Carmen Marron,29.0
Tim McCanlies,23.0
George Sidney,24.0
Mario Van Peebles,535.0
Jason Stone,14.0
Jerry Rees,115.0
James Algar,11.0
William Friedkin,607.0
Jaco Booyens,37.0
Steve Miner,49.0
Danny Steinmann,13.0
Michael Landon Jr.,84.0
Jon Gunn,16.0
Hayley Cloake,0.0
Tay Garnett,10.0
Shyam Madiraju,0.0
Harmage Singh Kalirai,11.0
Rita Merson,5.0
Jon Knautz,10.0
William Wyler,355.0
Larry Clark,184.0
Petter Næss,16.0
Robert Fontaine,7.0
Jaume Balagueró,57.0
Patricia Cardoso,15.0
Dan Perri,0.0
Neil Mcenery-West,0.0
Anthony O'Brien,7.0
Terence Young,92.0
Michael Herz,6.0
,
Woody Allen,11000.0
David Robert Mitchell,421.0
Woody Allen,11000.0
Robert Mulligan,89.0
George Miller,750.0
Chia-Liang Liu,32.0
Stanley Kubrick,0.0
Kimberly Peirce,108.0
Chris Kentis,9.0
Florian Henckel von Donnersmarck,207.0
Alex Kendrick,589.0
Robert Rossen,31.0
Jack Conway,6.0
Sylvain Chomet,162.0
Chris Eyre,149.0
Shari Springer Berman,30.0
Richard Linklater,0.0
Alejandro G. Iñárritu,0.0
Catherine Hardwicke,308.0
Elia Kazan,603.0
Debra Granik,81.0
Kevin Macdonald,162.0
Henry King,85.0
Miranda July,244.0
Charles Ferguson,117.0
Max Joseph,31.0
Jim Jarmusch,0.0
David Ayer,453.0
Jerry Jameson,5.0
Steven Soderbergh,0.0
Kevin Tenney,85.0
,
Kenneth Branagh,0.0
John Cameron Mitchell,263.0
Ari Folman,56.0
Gary Rogers,0.0
Charles Ferguson,117.0
Marielle Heller,22.0
,
David Sington,90.0
Kelly Reichardt,129.0
Fenton Bailey,13.0
Bob Giraldi,34.0
Jill Sprecher,11.0
Huck Botko,10.0
Luc Besson,0.0
David Duchovny,0.0
Mitchell Lichtenstein,53.0
Lance Mungia,4.0
Kundan Shah,4.0
Michael Dowse,31.0
Hue Rhodes,0.0
Shane Meadows,222.0
Roland Emmerich,776.0
,
Jugal Hansraj,32.0
Danny Provenzano,84.0
Bill Muir,19.0
Richard LaGravenese,98.0
Noah Buschel,8.0
Brian Yuzna,97.0
Hunter Richards,11.0
Laurie Collyer,38.0
Bruce McCulloch,54.0
Aaron Hann,0.0
James Watkins,43.0
Catherine Hardwicke,308.0
Phil Claydon,6.0
Ralph Ziman,5.0
John Simpson,0.0
Colin Minihan,6.0
Conor McMahon,5.0
Chris Shadley,0.0
Simon Napier-Bell,0.0
Woody Allen,11000.0
Simon Yin,0.0
Jeff Crook,5.0
,
Orson Welles,0.0
Dave Payne,0.0
James Cox,10.0
Jonas Åkerlund,68.0
Brad Copeland,8.0
Paul Bunnell,5.0
Phil Morrison,17.0
Harald Reinl,2.0
James Cox,10.0
Richard Lester,44.0
Michael Moore,909.0
Tanner Beard,531.0
Scott Dow,6.0
Derick Martini,20000.0
Jerry Dugan,3.0
Tim Hunter,28.0
Michael Polish,35.0
William Kaufman,58.0
Rodrigo Cortés,89.0
Richard Ayoade,0.0
Jehane Noujaim,63.0
Pascal Arnold,0.0
Kimberly Peirce,108.0
Remo,168.0
Wes Craven,0.0
James Marsh,120.0
John Laing,0.0
Jamal Hill,47.0
Daniel Stamm,13.0
Sam Taylor-Johnson,456.0
Elia Kazan,603.0
Stanley Kubrick,0.0
Carlos Carrera,12.0
Benh Zeitlin,188.0
J. Lee Thompson,88.0
Maggie Greenwald,9.0
Vera Farmiga,0.0
Vijay Chandar,0.0
Morgan Spurlock,293.0
Jonathan Wacks,0.0
Khyentse Norbu,28.0
Ted Post,57.0
Richard Brooks,174.0
Tony Krantz,15.0
Mitchell Altieri,9.0
W.D. Hogan,4.0
Corey Grant,21.0
Tom Tykwer,670.0
Lucky McKee,75.0
Richard Boddington,15.0
David Hunt,0.0
Patricia Riggen,36.0
J. Lee Thompson,88.0
Todd Field,143.0
Steven R. Monroe,68.0
Mark Illsley,3.0
Pawel Pawlikowski,84.0
Ritesh Batra,25.0
Sally Potter,87.0
Frank Capra,964.0
Fred Zinnemann,160.0
John Ford,673.0
Brad J. Silverman,11.0
Dave Meyers,11.0
David M. Matthews,8.0
Nadine Labaki,0.0
Lluís Quílez,0.0
Eytan Fox,21.0
Francis Ford Coppola,0.0
Romesh Sharma,0.0
François Truffaut,0.0
Adam Goldberg,1000.0
Travis Zariwny,4.0
Zack Snyder,0.0
Adrienne Shelly,191.0
Newt Arnold,15.0
Frank Capra,964.0
Larry Clark,184.0
Noah Baumbach,387.0
Charles Herman-Wurmfeld,0.0
Yimou Zhang,611.0
John Stockwell,134.0
Alfred Hitchcock,13000.0
Atom Egoyan,460.0
Vincent Gallo,787.0
James Wan,0.0
Alex Cox,92.0
Fabián Bielinsky,44.0
Dror Moreh,4.0
Rebecca Miller,58.0
Maggie Carey,38.0
Roger Avary,675.0
Henry Bean,21.0
David Gordon Green,234.0
Simeon Rice,6.0
Brad Anderson,122.0
Jeff Garlin,522.0
Qasim Basir,13.0
Adam Green,134.0
Charles Chaplin,0.0
Pete Jones,18.0
Bruce Campbell,0.0
Mark Brown,7.0
Adam Carolla,102.0
Ira Sachs,60.0
John Sayles,407.0
Bruce McDonald,49.0
James Mottern,7.0
Jaime Zevallos,228.0
Rob Zombie,0.0
Gerard Johnstone,3.0
Robert Greenwald,21.0
David Ray,0.0
Dave Rodriguez,11.0
Nae Caranfil,34.0
David Winning,65.0
Frank Lotito,5.0
Timothy Woodward Jr.,764.0
Christopher McQuarrie,188.0
Tara Subkoff,37.0
Russell Friedenberg,9.0
William Cottrell,0.0
Lucrecia Martel,33.0
Edward Dmytryk,74.0
Zak Penn,87.0
Alex Ranarivelo,20.0
Jon Knautz,10.0
Mathieu Amalric,412.0
David Worth,58.0
Leslie H. Martinson,7.0
Guy Ritchie,0.0
Robert M. Young,0.0
,
Thomas Vinterberg,346.0
Steve Buscemi,12000.0
Ham Tran,5.0
Rich Cowan,7.0
Boris Rodriguez,5.0
Harold Becker,17.0
,
Sadyk Sher-Niyaz,135.0
Paul Donovan,4.0
Jonathan Kesselman,4.0
Arjun Sablok,0.0
Craig Moss,19.0
Tyler Oliver,0.0
Alfred Hitchcock,13000.0
Steve Miner,49.0
Billy Wilder,0.0
Douglas Cheek,4.0
Youssef Delara,8.0
Deryck Broom,11.0
Henry Hathaway,83.0
John Ford,673.0
,
Spike Lee,0.0
Steven Soderbergh,0.0
James Wan,0.0
Jay Chandrasekhar,422.0
Giovanni Zelko,4.0
Claudia Sainte-Luce,0.0
Scott Derrickson,301.0
Mira Nair,300.0
Kenneth Lonergan,50.0
Alfred Hitchcock,13000.0
Paul McGuigan,118.0
Jamie Babbit,91.0
David Boyd,29.0
Quentin Tarantino,16000.0
Walter Lang,9.0
Sergio Leone,0.0
Anna Muylaert,9.0
Steve Taylor,14.0
Kurt Voss,0.0
Léa Pool,4.0
James David Pasternak,0.0
Laurent Bouhnik,0.0
Tom Sanchez,0.0
David Caffrey,4.0
Adam Jay Epstein,0.0
Michael Curtiz,345.0
Justin Thomas Ostensen,0.0
Brenton Spencer,0.0
Rob Bowman,38.0
Ossie Davis,282.0
Jay Alaimo,2.0
Dylan Bank,0.0
Rob McKittrick,6.0
Shane Meadows,222.0
,
Jeff Burr,155.0
Harry Gantz,0.0
Guy Maddin,126.0
Regardt van den Bergh,12.0
Panos Cosmatos,22.0
Gareth Evans,338.0
Matthew R. Anderson,252.0
Joe Marino,0.0
Michael Curtiz,345.0
Joel Anderson,0.0
Shimit Amin,6.0
Douglas Trumbull,136.0
John G. Avildsen,80.0
Mona Fastvold,2.0
John Carpenter,0.0
Tony Richardson,62.0
Levan Gabriadze,6.0
Martin Scorsese,17000.0
Joe Dante,287.0
Terence Young,92.0
Bradley Parker,18.0
Clive Barker,385.0
Harold Cronk,18.0
Jeff Wadlow,65.0
Takao Okawara,2.0
Derek Cianfrance,310.0
Duncan Tucker,2.0
William Brent Bell,19.0
Russ Meyer,199.0
Robert D. Webb,0.0
Davis Guggenheim,49.0
Allan Dwan,23.0
Martin Scorsese,17000.0
Eli Roth,0.0
Andrew Steggall,0.0
Ben Lewin,20.0
Robert Kenner,11.0
Andrew Erwin,10.0
Brad Anderson,122.0
Jason Reitman,655.0
Craig Johnson,7.0
Sean Durkin,46.0
Gillian Robespierre,9.0
Courtney Hunt,33.0
Morgan Neville,9.0
James Toback,56.0
Nicole Holofcener,132.0
Peter Cattaneo,11.0
Chris Paine,2.0
Greg Berlanti,112.0
Don Coscarelli,152.0
Rob Letterman,11.0
Marc Levin,12.0
Richard Dutcher,13.0
Khalid Mohamed,10.0
Mel Brooks,0.0
Trey Parker,406.0
David Gordon Green,234.0
Finn Taylor,4.0
Karen Moncrieff,22.0
José Luis Valenzuela,0.0
Gia Coppola,71.0
Scandar Copti,13.0
Goran Dukic,21.0
Mike Cahill,135.0
Efram Potelle,2.0
Peter Jackson,0.0
Joshua Oppenheimer,50.0
Alex Gibney,141.0
Paul Crowder,10.0
Rohit Jagessar,0.0
Griffin Dunne,165.0
Anthony Powell,9.0
Kief Davidson,0.0
Johnny Remo,74.0
Vivek Agnihotri,5.0
Ti West,243.0
Nick Tomnay,11.0
John Hamburg,29.0
Nickolas Perry,5.0
Dan Zukovic,8.0
Craig Mazin,82.0
Becky Smith,32.0
Eric Nicholas,0.0
Benjamin Dickinson,4.0
Hal Haberman,0.0
Darren Stein,18.0
A. Raven Cruz,0.0
Brian Trenchard-Smith,53.0
Frank Whaley,436.0
Amat Escalante,50.0
Wajahat Rauf,3.0
Katherine Brooks,57.0
David Cross,0.0
Randall Rubin,0.0
Robert Bennett,15.0
Guy Hamilton,82.0
Mary Pat Kelly,3.0
Lori Petty,923.0
Charlie Levi,0.0
Kevin Hamedani,23.0
David DeCoteau,142.0
Mikel Rueda,0.0
Stefan C. Schaefer,0.0
Michael Taliferro,105.0
David DeCoteau,142.0
Katie Aselton,224.0
Robert Heath,0.0
D. Stevens,6.0
Jeffrey St. Jules,0.0
Robert Hall,53.0
K. King,3.0
Jonathan Meyers,0.0
Danny Boyle,0.0
Ralph Nelson,17.0
Blair Erickson,0.0
,
Allison Burnett,12.0
Richard Schenkman,29.0
Sanjay Rawal,0.0
Elia Kazan,603.0
Kat Coiro,28.0
Cristian Mungiu,163.0
Brian Dorton,171.0
David Slade,171.0
Jamie Babbit,91.0
Maryam Keshavarz,32.0
Ryan Coogler,0.0
Ramaa Mosley,6.0
James Algar,11.0
Charles Herman-Wurmfeld,0.0
Ric Roman Waugh,29.0
C. Jay Cox,6.0
Mariette Monpierre,0.0
Tommy Oliver,66.0
Jamie Travis,15.0
Lee Toland Krieger,43.0
Rich Christiano,14.0
Paul Andrew Williams,46.0
Nick Love,63.0
Natalie Bible',8.0
Asghar Farhadi,0.0
Justin Molotnikov,5.0
Todd Solondz,377.0
Victor Nunez,9.0
Peter Sollett,6.0
Georg Wilhelm Pabst,21.0
Daniel Davila,0.0
Jorge Gaggero,0.0
Rod Lurie,37.0
Michael Burke,3.0
Catherine Jelski,0.0
Shane Dawson,247.0
Tommy Wirkola,75.0
Ryan Little,38.0
Clark Baker,0.0
George Lucas,0.0
Robert Greenwald,21.0
Matt Maiellaro,8.0
Colin Trevorrow,365.0
Leslie Small,15.0
Ben Wheatley,214.0
Ti West,243.0
David S. Goyer,687.0
Bernardo Bertolucci,973.0
Neil Burger,168.0
Oliver Blackburn,4.0
Jonathan Levine,129.0
Christopher Hutson,3.0
Fred Zinnemann,160.0
Steve James,23.0
David LaChapelle,30.0
Joseph Kosinski,364.0
Michael Cuesta,52.0
Caryn Waechter,0.0
Emily Dell,0.0
Peter Jackson,0.0
Jaume Collet-Serra,174.0
Ryan Fleck,31.0
Jennifer Wynne Farmer,0.0
Christopher Scott Cherot,21.0
H.M. Coakley,0.0
Randy Moore,13.0
Chris Atkins,2.0
Bill Benenson,0.0
Ryan Smith,4.0
Travis Romero,4.0
Anna Mastro,7.0
Mark Sandrich,10.0
Daniel Myrick,19.0
Michael Wadleigh,14.0
John Landis,644.0
Jon Gunn,16.0
Gene Teigland,0.0
Scott Ziehl,4.0
Richard Montoya,12.0
Johanna Schwartz,0.0
William Gazecki,3.0
Lance McDaniel,0.0
Thomas Lilti,12.0
Michael Walker,5.0
Richard Lester,44.0
U. Roberto Romano,6.0
Amy Holden Jones,11.0
Blaz Zavrsnik,0.0
Alex Kendrick,589.0
Pan Nalin,95.0
Joe Camp,24.0
Chris Kentis,9.0
Matt Walsh,490.0
John 'Bud' Cardos,8.0
Marilyn Agrelo,2.0
Tom McCarthy,310.0
Brian Baugh,3.0
Patrick Creadon,3.0
Barry W. Blaustein,6.0
Kurt Hale,0.0
Siddiq Barmak,6.0
Joseph Dorman,0.0
Greg Harrison,7.0
Kurt Hale,0.0
Michael Polish,35.0
Jacob Aaron Estes,9.0
Morgan J. Freeman,204.0
Eric Schaeffer,71.0
Neema Barnette,21.0
Steve Buscemi,12000.0
Joe Swanberg,217.0
Molly Bernstein,0.0
Akira Kurosawa,0.0
Marius A. Markevicius,6.0
Tom DiCillo,32.0
Justin Lin,681.0
Quentin Dupieux,248.0
Tim Johnson,12.0
C. Jay Cox,6.0
Alex Smith,12.0
Gareth Edwards,380.0
Jonathan Parker,0.0
Sol Tryon,0.0
Alex Craig Mann,38.0
Hao Ning,0.0
Stephen Kijak,3.0
Marc Forster,395.0
Andrew Niccol,487.0
Daston Kalili,2.0
William Gazecki,3.0
Ol Parker,21.0
Michael Hoffman Jr.,32.0
Patrick Gilles,0.0
Georgia Hilton,406.0
Tamra Davis,33.0
Jack Heller,0.0
Fernando Baez Mella,0.0
Warren Sheppard,0.0
Darren Lynn Bousman,163.0
Justin Paul Miller,0.0
Joel Paul Reisig,431.0
Catherine Gund,0.0
Luke Dye,0.0
Sam Raimi,0.0
Michael Herz,6.0
Matty Rich,10.0
Paul Greengrass,521.0
Alec Asten,5.0
Hans Canosa,3.0
Lloyd Kaufman,365.0
Matthew Watts,0.0
Lloyd Bacon,24.0
Joe Kenemore,0.0
Whit Stillman,89.0
Kay Pollak,10.0
Eric England,15.0
Jared Hess,100.0
Jeremy Saulnier,57.0
Oren Peli,110.0
Stacy Peralta,147.0
Terry Gilliam,0.0
Richard Glatzer,25.0
Sue Corcoran,14.0
,
Jonathan Caouette,20.0
Ray Griggs,4.0
Matt Jackson,0.0
Lucio Fulci,385.0
,
Tom Vaughan,12.0
Paul Fox,3.0
Stephen Frears,350.0
Ari Kirschenbaum,0.0
Cassandra Nicolaou,0.0
Ingmar Bergman,0.0
D.W. Griffith,204.0
Roger Nygard,3.0
Harry Beaumont,4.0
Sam Raimi,0.0
Franck Khalfoun,33.0
Mor Loushy,0.0
Henry Alex Rubin,30.0
Sam Firstenberg,44.0
Doug Block,0.0
,
Chad Kapper,0.0
John Carpenter,0.0
Sidney Lumet,0.0
Paul Fierlinger,3.0
Frank Capra,964.0
Yorgos Lanthimos,252.0
Lauren Lazin,2.0
Gavin O'Connor,149.0
Gregory Widen,10.0
Cédric Klapisch,82.0
Peter Hedges,54.0
Niall Johnson,7.0
Kelly Reichardt,129.0
Kelly Reichardt,129.0
Eric Mendelsohn,5.0
Jean-Luc Godard,0.0
Florence Ayisi,0.0
Pan Nalin,95.0
Michael Roemer,0.0
Jesse Peretz,37.0
Eddie O'Flaherty,3.0
Babar Ahmed,0.0
Julie Taymor,278.0
John D. Hancock,44.0
Paul Bartel,43.0
Bruce Dellis,0.0
Pece Dingo,0.0
Jerome Elston Scott,3.0
Étienne Faure,77.0
Herb Freed,5.0
Jack Perez,19.0
Craig Zobel,25.0
Kevin Smith,0.0
Nicole Holofcener,132.0
Ken Del Conte,2.0
Justin Lin,681.0
Maria Maggenti,4.0
Miguel Arteta,44.0
Piyush Dinker Pandya,0.0
Daniel Columbie,0.0
Vincenzo Natali,165.0
Emma-Kate Croghan,0.0
Bill Plympton,45.0
Greg Harrison,7.0
Drake Doremus,52.0
Al Franklin,0.0
Allison Anders,99.0
Michael Kang,269.0
Paul Schrader,261.0
,
Lori Silverbush,5.0
Jeff Nichols,337.0
Stuart Hazeldine,17.0
Hilary Brougher,0.0
Rachel Goldenberg,7.0
Corbin Bernsen,1000.0
Jamin Winans,63.0
Tom Seidman,3.0
Jason Naumann,2.0
Matt Cimber,32.0
Sam Martin,0.0
Andrew Hyatt,7.0
Dan Curtis,45.0
Joel Paul Reisig,431.0
Kristin Rizzo,30.0
King Vidor,54.0
Ward Roberts,12.0
Zoran Lisinac,0.0
Nicolas Winding Refn,0.0
James O'Brien,7.0
Tom Putnam,15.0
Jon Shear,0.0
Al Silliman Jr.,0.0
Eugène Lourié,7.0
Richard Fleischer,130.0
George Miller,750.0
Doug Liman,218.0
Sergio Leone,0.0
Lowell Sherman,16.0
Maurizio Benazzo,0.0
David G. Evans,0.0
Ava DuVernay,151.0
Tom Tykwer,670.0
Sherman Alexie,18.0
Justin Dillon,0.0
Steven Soderbergh,0.0
Stevan Mena,25.0
Adam Rifkin,89.0
Eric Valette,2.0
Jay Duplass,157.0
Livingston Oden,0.0
Chris Marker,121.0
Carl Theodor Dreyer,147.0
Marianna Palka,123.0
Richard Schenkman,29.0
Ricki Stern,15.0
Nadia Tass,20.0
James Kerwin,0.0
C. Fraser Press,0.0
Rania Attieh,0.0
Sharon Greytak,0.0
Majid Majidi,373.0
Andrew Haigh,131.0
Spike Lee,0.0
Cary Bell,0.0
Nicolae Constantin Tanase,0.0
Mike Cahill,135.0
Jason Stone,14.0
Melvin Van Peebles,101.0
Ken Roht,0.0
Gary Winick,56.0
John Carney,109.0
Robinson Devor,14.0
Michel Orion Scott,0.0
Pat Holden,6.0
Eric Bugbee,0.0
Tobe Hooper,365.0
Bill Melendez,36.0
Dena Seidel,0.0
Deborah Anderson,4.0
Sara Newens,0.0
Michael Moore,909.0
Paul Schrader,261.0
Sai Varadan,0.0
Zal Batmanglij,129.0
Amal Al-Agroobi,58.0
Andrew Berends,0.0
Lynn Shelton,100.0
Valentine,0.0
David Hewlett,686.0
David Hewlett,686.0
George A. Romero,0.0
Jean-Luc Godard,0.0
Nate Parker,664.0
Nathan Smith Jones,7.0
Alex Kendrick,589.0
Travis Cluff,3.0
David Lynch,0.0
Harry F. Millarde,0.0
Robert Townsend,467.0
Peter Chelsom,23.0
Jamaa Fanaka,9.0
Larry Blamire,56.0
Stephen Langford,7.0
E.L. Katz,3.0
Lisanne Pajot,0.0
Dan Reed,3.0
John Reinhardt,2.0
Patrick Ryan Sims,0.0
Laslo Benedek,6.0
Jason Miller,0.0
Dennis Iliadis,29.0
Sut Jhally,3.0
Darren Aronofsky,0.0
Julie Davis,12.0
Myles Berkowitz,0.0
Brett Piper,7.0
Morgan Spurlock,293.0
Brandon Trost,32.0
Joe Swanberg,217.0
Joseph Green,2.0
Wade Gasque,0.0
Daniel Schechter,8.0
Mike Flanagan,59.0
Edward Burns,0.0
Matt Johnson,8.0
Bruno Barreto,9.0
Lena Dunham,969.0
Terron R. Parsons,9.0
Daniel Mellitz,0.0
Jem Cohen,6.0
Andrew Leman,2.0
Dave Carroll,0.0
William Eubank,18.0
Patrick Meaney,3.0
Chad Hartigan,3.0
Malcolm Goodwin,117.0
David Gordon Green,234.0
Kevin Jordan,4.0
Kirk Loudon,0.0
Travis Legge,138.0
Martin Scorsese,17000.0
Collin Joseph Neal,14.0
Bradley Rust Gray,2.0
Mike Bruce,6.0
Andrew Bujalski,26.0
Damir Catic,2.0
Ben Wheatley,214.0
Kevin Smith,0.0
James Bidgood,0.0
Andrew Bujalski,26.0
Neil LaBute,119.0
David Ayer,453.0
Eric Eason,3.0
Uwe Boll,892.0
Richard Linklater,0.0
Joseph Mazzella,0.0
Travis Legge,138.0
Alex Kendrick,589.0
Marcus Nispel,158.0
Brandon Landers,8.0
Jay Duplass,157.0
Jim Chuchu,0.0
Daryl Wein,38.0
Jason Trost,91.0
John Waters,0.0
Olivier Assayas,107.0
Jafar Panahi,397.0
Ivan Kavanagh,18.0
Kiyoshi Kurosawa,62.0
Tadeo Garcia,5.0
Thomas L. Phillips,120.0
Ash Baron-Cohen,3.0
Shane Carruth,291.0
Neill Dela Llana,0.0
Robert Rodriguez,0.0
Anthony Vallone,2.0
Edward Burns,0.0
Scott Smith,2.0
,
Benjamin Roberds,0.0
Daniel Hsia,0.0
Jon Gunn,16.0
